"ensemble_id","source_ensemble_id"
"ensemble-001","ensemble-001"
"ensemble-002","ensemble-002"
"ensemble-003","ensemble-004"
"ensemble-004","ensemble-005"
"ensemble-005","ensemble-006"
"ensemble-006","ensemble-007"
"ensemble-007","ensemble-008"
"ensemble-008","ensemble-009"
"ensemble-009","ensemble-010"
"ensemble-010","ensemble-011"
"ensemble-011","ensemble-012"
"ensemble-012","ensemble-014"
"ensemble-013","ensemble-015"
"ensemble-014","ensemble-018"
"ensemble-015","ensemble-019"
"ensemble-016","ensemble-021"
"ensemble-017","ensemble-022"
"ensemble-018","ensemble-023"
"ensemble-019","ensemble-024"
"ensemble-020","ensemble-025"
"ensemble-021","ensemble-027"
"ensemble-022","ensemble-029"
"ensemble-023","ensemble-030"
"ensemble-024","ensemble-031"
"ensemble-025","ensemble-032"
"ensemble-026","ensemble-033"
"ensemble-027","ensemble-034"
"ensemble-028","ensemble-035"
"ensemble-029","ensemble-036"
"ensemble-030","ensemble-038"
"ensemble-031","ensemble-039"
"ensemble-032","ensemble-040"
"ensemble-033","ensemble-041"
"ensemble-034","ensemble-042"
"ensemble-035","ensemble-043"
"ensemble-036","ensemble-044"
"ensemble-037","ensemble-045"
"ensemble-038","ensemble-046"
"ensemble-039","ensemble-047"
"ensemble-040","ensemble-049"
"ensemble-041","ensemble-050"
"ensemble-042","ensemble-051"
"ensemble-043","ensemble-052"
"ensemble-044","ensemble-053"
"ensemble-045","ensemble-054"
"ensemble-046","ensemble-055"
"ensemble-047","ensemble-056"
"ensemble-048","ensemble-057"
"ensemble-049","ensemble-062"
"ensemble-050","ensemble-063"
"ensemble-051","ensemble-065"
"ensemble-052","ensemble-066"
"ensemble-053","ensemble-068"
"ensemble-054","ensemble-069"
"ensemble-055","ensemble-070"
"ensemble-056","ensemble-071"
"ensemble-057","ensemble-072"
"ensemble-058","ensemble-073"
"ensemble-059","ensemble-074"
"ensemble-060","ensemble-075"
"ensemble-061","ensemble-076"
"ensemble-062","ensemble-078"
"ensemble-063","ensemble-079"
"ensemble-064","ensemble-080"
"ensemble-065","ensemble-081"
"ensemble-066","ensemble-082"
"ensemble-067","ensemble-084"
"ensemble-068","ensemble-085"
"ensemble-069","ensemble-086"
"ensemble-070","ensemble-087"
"ensemble-071","ensemble-088"
"ensemble-072","ensemble-089"
"ensemble-073","ensemble-090"
"ensemble-074","ensemble-091"
"ensemble-075","ensemble-092"
"ensemble-076","ensemble-093"
"ensemble-077","ensemble-094"
"ensemble-078","ensemble-095"
"ensemble-079","ensemble-098"
"ensemble-080","ensemble-099"
