"ensemble_id","terminal_year","sb_recent_period","sb0_recent_period","recent_depletion_period","f_recent_period","sb_recent_kt","sb0_recent_kt","sb_recent_sb0","recent_mean_depletion","sb_recent_sbmsy","f_recent_fmsy","historical_target_period","historical_target_depletion","recent_historical_target_ratio","below_lrp_020","below_sbmsy","above_fmsy"
"ensemble-001",2024,"2021–2024","2014–2023","2021–2024","2020–2023",324.8985,1240.682,0.261870890365138,0.261294281106756,1.66188491048593,0.8110300081103,"2012–2015",0.253055195509007,1.03255845263788,FALSE,FALSE,FALSE
"ensemble-002",2024,"2021–2024","2014–2023","2021–2024","2020–2023",663.6764375,2150.34075,0.308637799613852,0.306811034434357,1.81084976125512,0.783085356303837,"2012–2015",0.31502686439427,0.973920224309409,FALSE,FALSE,FALSE
"ensemble-003",2024,"2021–2024","2014–2023","2021–2024","2020–2023",255.155625,1697.33,0.150327646951388,0.149413042983377,0.819645438483778,1.48898153662895,"2012–2015",0.158348134287186,0.943573119165368,TRUE,TRUE,TRUE
"ensemble-004",2024,"2021–2024","2014–2023","2021–2024","2020–2023",348.14025,957.752,0.363497283221544,0.360983950117188,2.417640625,0.530785562632696,"2012–2015",0.36126768931517,0.999214601232345,FALSE,FALSE,FALSE
"ensemble-005",2024,"2021–2024","2014–2023","2021–2024","2020–2023",263.8514375,1682.2665,0.156842829302016,0.156672892203683,0.867646950016442,1.29399585921325,"2012–2015",0.166180159716786,0.942789394779101,TRUE,TRUE,TRUE
"ensemble-006",2024,"2021–2024","2014–2023","2021–2024","2020–2023",276.733,2188.02875,0.126475943243433,0.126631481974079,0.736775825346113,1.43988480921526,"2012–2015",0.128515553147448,0.985339741943857,TRUE,TRUE,TRUE
"ensemble-007",2024,"2021–2024","2014–2023","2021–2024","2020–2023",303.8293125,1050.1705,0.289314270873158,0.287162466147549,1.85148880255941,0.722543352601156,"2012–2015",0.291820294084877,0.984038711385941,FALSE,FALSE,FALSE
"ensemble-008",2024,"2021–2024","2014–2023","2021–2024","2020–2023",279.0221875,1376.83975,0.20265407611888,0.202273212164861,1.19291230226593,1.01471334348047,"2012–2015",0.203888255624481,0.992078781317378,FALSE,FALSE,TRUE
"ensemble-009",2024,"2021–2024","2014–2023","2021–2024","2020–2023",333.606625,1303.7395,0.255884419395132,0.254759903771857,1.48269611111111,0.832639467110741,"2012–2015",0.255891836002077,0.995576520736634,FALSE,FALSE,FALSE
"ensemble-010",2024,"2021–2024","2014–2023","2021–2024","2020–2023",276.2215625,971.01825,0.284465881562988,0.282825461278873,1.64613565256257,0.715307582260372,"2012–2015",0.299539117172789,0.944202092696044,FALSE,FALSE,FALSE
"ensemble-011",2024,"2021–2024","2014–2023","2021–2024","2020–2023",684.8306875,2210.48525,0.309810114091465,0.306861521011383,1.66423010328068,0.778210116731518,"2012–2015",0.324931939634603,0.944387065661993,FALSE,FALSE,FALSE
"ensemble-012",2024,"2021–2024","2014–2023","2021–2024","2020–2023",1169.5438125,2794.838,0.41846569014018,0.414837916731685,2.2096047846212,0.628930817610063,"2012–2015",0.421828793219123,0.983427218341147,FALSE,FALSE,FALSE
"ensemble-014",2024,"2021–2024","2014–2023","2021–2024","2020–2023",1104.844125,3697.1905,0.29883343176393,0.298561467602487,1.43393137573005,0.958772770853308,"2012–2015",0.319348695142138,0.934907429227483,FALSE,FALSE,FALSE
"ensemble-015",2024,"2021–2024","2014–2023","2021–2024","2020–2023",263.5070625,1900.6195,0.138642722806958,0.138808961054086,0.792979423713512,1.34246207544637,"2012–2015",0.147453104921496,0.941376996625386,TRUE,TRUE,TRUE
"ensemble-016",2024,"2021–2024","2014–2023","2021–2024","2020–2023",268.959875,2088.05425,0.128808853984517,0.129104425703955,0.719144050802139,1.43000143000143,"2012–2015",0.138373739792574,0.933012476915681,TRUE,TRUE,TRUE
"ensemble-017",2024,"2021–2024","2014–2023","2021–2024","2020–2023",827.0820625,2713.02575,0.304855957412126,0.302529391096321,1.6824289310415,0.856164383561644,"2012–2015",0.325416791721956,0.929667425873984,FALSE,FALSE,FALSE
"ensemble-018",2024,"2021–2024","2014–2023","2021–2024","2020–2023",291.8151875,1541.25925,0.189335562787377,0.189021540477627,1.08562197730655,1.08189981607703,"2012–2015",0.192098104903025,0.983984410325386,TRUE,FALSE,TRUE
"ensemble-019",2024,"2021–2024","2014–2023","2021–2024","2020–2023",1405.876375,3204.63125,0.43870144965977,0.435633834364397,2.16255403014921,0.620732464307883,"2012–2015",0.442878457351271,0.983641961204883,FALSE,FALSE,FALSE
"ensemble-021",2024,"2021–2024","2014–2023","2021–2024","2020–2023",349.6949375,1176.135,0.297325508976436,0.296489065595257,1.67558666746526,0.702247191011236,"2012–2015",0.296878681526827,0.998687625768323,FALSE,FALSE,FALSE
"ensemble-022",2024,"2021–2024","2014–2023","2021–2024","2020–2023",304.2165625,1172.33275,0.259496770434845,0.25910543775755,1.41233315923863,0.823723228995058,"2012–2015",0.265302546395094,0.97664135259254,FALSE,FALSE,FALSE
"ensemble-023",2024,"2021–2024","2014–2023","2021–2024","2020–2023",1754.3675,3990.865,0.439595801912618,0.437466977970148,1.72165603532875,0.667556742323097,"2012–2015",0.455143860766387,0.961161987846054,FALSE,FALSE,FALSE
"ensemble-024",2024,"2021–2024","2014–2023","2021–2024","2020–2023",288.46375,1032.0135,0.279515481144384,0.277866355399744,1.76971625766871,0.734214390602056,"2012–2015",0.284227063522663,0.977621032831689,FALSE,FALSE,FALSE
"ensemble-025",2024,"2021–2024","2014–2023","2021–2024","2020–2023",277.653625,1546.45725,0.179541739676283,0.178745809780604,1.07492692605497,1.15127791848952,"2012–2015",0.178327993972156,1.00234296253292,TRUE,FALSE,TRUE
"ensemble-027",2024,"2021–2024","2014–2023","2021–2024","2020–2023",294.9195,1311.66375,0.224843829068235,0.224732840323468,1.24648985629755,0.938967136150235,"2012–2015",0.231646099478694,0.970155944042299,FALSE,FALSE,FALSE
"ensemble-029",2024,"2021–2024","2014–2023","2021–2024","2020–2023",298.5004375,1324.02125,0.225449884206919,0.225071695843374,1.33617026633841,0.925925925925926,"2012–2015",0.228129043994569,0.986598163488257,FALSE,FALSE,FALSE
"ensemble-030",2024,"2021–2024","2014–2023","2021–2024","2020–2023",354.7498125,874.65275,0.405589318160836,0.401866583805821,2.65134389013453,0.460829493087558,"2012–2015",0.413898456006275,0.970930376700242,FALSE,FALSE,FALSE
"ensemble-031",2024,"2021–2024","2014–2023","2021–2024","2020–2023",306.491625,1619.079,0.189299981656238,0.189624148810678,1.02677261306533,1.0680337498665,"2012–2015",0.198061051555863,0.957402514634206,TRUE,FALSE,TRUE
"ensemble-032",2024,"2021–2024","2014–2023","2021–2024","2020–2023",324.6255625,1393.5224,0.232953243162794,0.231543934252515,1.41264387510879,0.914913083257091,"2012–2015",0.222971581445487,1.03844594343124,FALSE,FALSE,FALSE
"ensemble-033",2024,"2021–2024","2014–2023","2021–2024","2020–2023",282.734,1059.5375,0.266846619397615,0.264856947008791,1.85277850589777,0.749625187406297,"2012–2015",0.265366866785919,0.998078434646704,FALSE,FALSE,FALSE
"ensemble-034",2024,"2021–2024","2014–2023","2021–2024","2020–2023",268.343125,1534.96875,0.17481992711578,0.173953531758859,1.01185190422323,1.19217930376729,"2012–2015",0.182097746354644,0.955275588200179,TRUE,FALSE,TRUE
"ensemble-035",2024,"2021–2024","2014–2023","2021–2024","2020–2023",294.3775,1460.47675,0.201562606183221,0.200508717404133,1.20943919474117,1.05730598435187,"2012–2015",0.199922504431819,1.00293220102449,FALSE,FALSE,TRUE
"ensemble-036",2024,"2021–2024","2014–2023","2021–2024","2020–2023",525.710125,1877.2925,0.280036342232231,0.278313988485341,1.64079314918851,0.825763831544178,"2012–2015",0.289576507559064,0.961106931053701,FALSE,FALSE,FALSE
"ensemble-037",2024,"2021–2024","2014–2023","2021–2024","2020–2023",262.1766875,1989.58125,0.13177480814116,0.131504701084273,0.764586431904345,1.43967751223726,"2012–2015",0.13697160592672,0.96008731294739,TRUE,TRUE,TRUE
"ensemble-038",2024,"2021–2024","2014–2023","2021–2024","2020–2023",276.706625,1786.9355,0.154849811311041,0.154939529737011,0.866332576706324,1.25391849529781,"2012–2015",0.163895429441107,0.945356013071043,TRUE,TRUE,TRUE
"ensemble-039",2024,"2021–2024","2014–2023","2021–2024","2020–2023",519.8785625,2045.53425,0.254152949284521,0.252870531822389,1.4262786351166,0.922509225092251,"2012–2015",0.267752278354027,0.944419720261123,FALSE,FALSE,FALSE
"ensemble-040",2024,"2021–2024","2014–2023","2021–2024","2020–2023",903.6569375,2836.35675,0.318597770714139,0.316512573961685,1.69287549175721,0.850340136054422,"2012–2015",0.341521010315962,0.926773359181796,FALSE,FALSE,FALSE
"ensemble-041",2024,"2021–2024","2014–2023","2021–2024","2020–2023",1677.876125,3897.841,0.430462947308523,0.42833506887617,1.86492844837168,0.669792364367046,"2012–2015",0.442549132392645,0.967881388808454,FALSE,FALSE,FALSE
"ensemble-042",2024,"2021–2024","2014–2023","2021–2024","2020–2023",1033.7364375,3567.01525,0.289804322395314,0.290699543340388,1.21174122318603,0.969932104752667,"2012–2015",0.33058117708732,0.879359030364884,FALSE,FALSE,FALSE
"ensemble-043",2024,"2021–2024","2014–2023","2021–2024","2020–2023",433.50975,2186.086,0.198304069464788,0.197895876241323,1.08134135694687,1.12511251125113,"2012–2015",0.219595433342292,0.90118393278632,TRUE,FALSE,TRUE
"ensemble-044",2024,"2021–2024","2014–2023","2021–2024","2020–2023",323.1106875,1228.01375,0.263116506228045,0.262416467099751,1.5320563655761,0.857632933104631,"2012–2015",0.261041673972011,1.00526656570509,FALSE,FALSE,FALSE
"ensemble-045",2024,"2021–2024","2014–2023","2021–2024","2020–2023",844.031625,2888.4395,0.292210248821206,0.291796346248144,1.47146378138075,0.915750915750916,"2012–2015",0.313851909545912,0.929726209632821,FALSE,FALSE,FALSE
"ensemble-046",2024,"2021–2024","2014–2023","2021–2024","2020–2023",353.9816875,875.262,0.404429402281831,0.400724290776114,2.56694479695431,0.464684014869888,"2012–2015",0.412918410365749,0.970468452644593,FALSE,FALSE,FALSE
"ensemble-047",2024,"2021–2024","2014–2023","2021–2024","2020–2023",729.960375,2323.11825,0.314215763661622,0.311725129179174,1.50943005583127,0.799360511590728,"2012–2015",0.335919172543142,0.927976592759495,FALSE,FALSE,FALSE
"ensemble-048",2024,"2021–2024","2014–2023","2021–2024","2020–2023",263.4379375,2173.72375,0.121192004043752,0.121394830868871,0.673065757537046,1.50625094140684,"2012–2015",0.130026693113765,0.933614690659388,TRUE,TRUE,TRUE
"ensemble-049",2024,"2021–2024","2014–2023","2021–2024","2020–2023",265.825875,1352.2565,0.196579476600778,0.195840476742364,1.19687471859523,1.03082156478714,"2012–2015",0.20062990137768,0.976128061657668,TRUE,FALSE,TRUE
"ensemble-050",2024,"2021–2024","2014–2023","2021–2024","2020–2023",479.9514375,1722.44575,0.278645314373472,0.277057795145122,1.50502175446849,0.819000819000819,"2012–2015",0.294416851509093,0.94103918890854,FALSE,FALSE,FALSE
"ensemble-051",2024,"2021–2024","2014–2023","2021–2024","2020–2023",1082.697625,3136.32975,0.345211668192734,0.342999148586548,1.80509774091364,0.783699059561129,"2012–2015",0.358838076633558,0.955860514593092,FALSE,FALSE,FALSE
"ensemble-052",2024,"2021–2024","2014–2023","2021–2024","2020–2023",266.9683125,1733.263,0.154026430207072,0.153909613211734,0.863137124151309,1.28832775057975,"2012–2015",0.161793249374619,0.951273392472443,TRUE,TRUE,TRUE
"ensemble-053",2024,"2021–2024","2014–2023","2021–2024","2020–2023",1099.265,2884.17725,0.381136422874149,0.378143117737788,1.92414668300368,0.707714083510262,"2012–2015",0.395735883558484,0.955544173395395,FALSE,FALSE,FALSE
"ensemble-054",2024,"2021–2024","2014–2023","2021–2024","2020–2023",694.129125,2010.85275,0.345191424384506,0.342739124433468,1.8329261288619,0.712758374910905,"2012–2015",0.358390904920313,0.956327629211672,FALSE,FALSE,FALSE
"ensemble-055",2024,"2021–2024","2014–2023","2021–2024","2020–2023",1162.269,3045.5135,0.381633179429347,0.37949621115209,1.66109618407889,0.731528895391368,"2012–2015",0.40045663083045,0.947658702429541,FALSE,FALSE,FALSE
"ensemble-056",2024,"2021–2024","2014–2023","2021–2024","2020–2023",326.2245,1029.056,0.317013359817153,0.315553832191052,2.02372518610422,0.644329896907216,"2012–2015",0.31387769003656,1.00534011243136,FALSE,FALSE,FALSE
"ensemble-057",2024,"2021–2024","2014–2023","2021–2024","2020–2023",317.6981875,992.8645,0.319981414885918,0.317938195969759,1.90580796340732,0.638569604086845,"2012–2015",0.327717044053219,0.970160697281672,FALSE,FALSE,FALSE
"ensemble-059",2024,"2021–2024","2014–2023","2021–2024","2020–2023",268.27525,2053.38225,0.130650418352452,0.131347846785398,0.693396872576893,1.3437248051599,"2012–2015",0.140480790474203,0.934987953456299,TRUE,TRUE,TRUE
"ensemble-062",2024,"2021–2024","2014–2023","2021–2024","2020–2023",286.4195,1949.16475,0.146944736200467,0.14733196394549,0.815313122687162,1.29065565307176,"2012–2015",0.156376692894366,0.942160632882894,TRUE,TRUE,TRUE
"ensemble-063",2024,"2021–2024","2014–2023","2021–2024","2020–2023",313.096375,1402.36875,0.223262515654317,0.223317024953667,1.28476148953632,0.928505106778087,"2012–2015",0.221905936266123,1.00635894970314,FALSE,FALSE,FALSE
"ensemble-065",2024,"2021–2024","2014–2023","2021–2024","2020–2023",274.6056875,1246.74025,0.220258941267036,0.219072794239049,1.37646961152882,0.940733772342427,"2012–2015",0.221409266576279,0.989447269423904,FALSE,FALSE,FALSE
"ensemble-066",2024,"2021–2024","2014–2023","2021–2024","2020–2023",293.13875,1164.7755,0.251669742366662,0.250406193803093,1.54364797261717,0.817661488143908,"2012–2015",0.255529072679795,0.979951874661553,FALSE,FALSE,FALSE
"ensemble-068",2024,"2021–2024","2014–2023","2021–2024","2020–2023",275.713875,1245.01775,0.221453770438213,0.221024355058819,1.27941473317865,0.918273645546373,"2012–2015",0.226715166791999,0.974898848569749,FALSE,FALSE,FALSE
"ensemble-069",2024,"2021–2024","2014–2023","2021–2024","2020–2023",273.1724375,1316.458,0.207505623043044,0.206785676888037,1.21194515306122,0.995024875621891,"2012–2015",0.213059738779782,0.970552569304375,FALSE,FALSE,FALSE
"ensemble-070",2024,"2021–2024","2014–2023","2021–2024","2020–2023",409.895,2380.8725,0.172161676024231,0.172650624927729,0.863300336983993,1.21728545343883,"2012–2015",0.186054852079204,0.927955508810009,TRUE,TRUE,TRUE
"ensemble-071",2024,"2021–2024","2014–2023","2021–2024","2020–2023",321.123125,881.96975,0.364097663213506,0.360488201128678,2.48163156877898,0.535331905781585,"2012–2015",0.370374650117535,0.973306896177373,FALSE,FALSE,FALSE
"ensemble-072",2024,"2021–2024","2014–2023","2021–2024","2020–2023",530.4794375,1907.9165,0.278041223240116,0.276037989843588,1.59207514255702,0.847457627118644,"2012–2015",0.28896251481198,0.955272658888639,FALSE,FALSE,FALSE
"ensemble-073",2024,"2021–2024","2014–2023","2021–2024","2020–2023",305.625875,1630.97425,0.18738853479753,0.186950032206755,1.0930825286123,1.09601052170101,"2012–2015",0.187969411989853,0.994576884758503,TRUE,FALSE,TRUE
"ensemble-074",2024,"2021–2024","2014–2023","2021–2024","2020–2023",324.50575,877.78725,0.369686105602468,0.367585270144392,2.8819338365897,0.497512437810945,"2012–2015",0.364080604992981,1.00962606934659,FALSE,FALSE,FALSE
"ensemble-075",2024,"2021–2024","2014–2023","2021–2024","2020–2023",600.066375,1864.418,0.321851845991618,0.320189097214423,1.61308165322581,0.755857898715042,"2012–2015",0.336780086962439,0.950736428933027,FALSE,FALSE,FALSE
"ensemble-076",2024,"2021–2024","2014–2023","2021–2024","2020–2023",312.84875,1236.46,0.253019709493231,0.252397168915027,1.43640381083563,0.839630562552477,"2012–2015",0.255689379454579,0.987124179554993,FALSE,FALSE,FALSE
"ensemble-078",2024,"2021–2024","2014–2023","2021–2024","2020–2023",525.9984375,1907.52275,0.275749496303517,0.27474046852005,1.47421086743274,0.858369098712446,"2012–2015",0.295056227916819,0.931146142753185,FALSE,FALSE,FALSE
"ensemble-079",2024,"2021–2024","2014–2023","2021–2024","2020–2023",1450.1765625,3923.5155,0.369611528869964,0.366811521151501,1.87506666989915,0.771010023130301,"2012–2015",0.38670394921828,0.948559025303485,FALSE,FALSE,FALSE
"ensemble-080",2024,"2021–2024","2014–2023","2021–2024","2020–2023",300.3849375,1194.573,0.25145800005525,0.250061495239973,1.42362529620853,0.859845227858985,"2012–2015",0.256726231889265,0.974039518282781,FALSE,FALSE,FALSE
"ensemble-081",2024,"2021–2024","2014–2023","2021–2024","2020–2023",876.977375,3382.5595,0.25926443422503,0.259502308259858,1.20298679698217,1.02072062876391,"2012–2015",0.284158937324163,0.913229443717346,FALSE,FALSE,TRUE
"ensemble-082",2024,"2021–2024","2014–2023","2021–2024","2020–2023",281.406125,932.66925,0.301721242551955,0.299547382068176,2.15306905126243,0.645994832041344,"2012–2015",0.299135336138412,1.00137745655556,FALSE,FALSE,FALSE
"ensemble-083",2024,"2021–2024","2014–2023","2021–2024","2020–2023",310.0828125,1548.984,0.200184645225516,0.199792604390928,1.15315289140945,1.08201687946332,"2012–2015",0.203163101419038,0.983409895770599,FALSE,FALSE,TRUE
"ensemble-084",2024,"2021–2024","2014–2023","2021–2024","2020–2023",288.338625,1391.1,0.20727383006254,0.20642212836506,1.26077229995627,1.00492412822832,"2012–2015",0.208500348283579,0.990032535026306,FALSE,FALSE,TRUE
"ensemble-085",2024,"2021–2024","2014–2023","2021–2024","2020–2023",315.0020625,909.211,0.346456501846106,0.343289155210418,2.13995966372283,0.588928150765607,"2012–2015",0.364571746676863,0.941623036726134,FALSE,FALSE,FALSE
"ensemble-086",2024,"2021–2024","2014–2023","2021–2024","2020–2023",443.7370625,883.0545,0.502502464457177,0.49923236267669,2.84629289608724,0.330469266358229,"2012–2015",0.506024768541838,0.986576930048857,FALSE,FALSE,FALSE
"ensemble-087",2024,"2021–2024","2014–2023","2021–2024","2020–2023",646.6109375,1769.936,0.365330123518591,0.362109170905486,2.00561705179901,0.650618087182824,"2012–2015",0.372210065061927,0.972862383088002,FALSE,FALSE,FALSE
"ensemble-088",2024,"2021–2024","2014–2023","2021–2024","2020–2023",526.817375,1864.512,0.28254973687485,0.281266285938217,1.497491117112,0.837520938023451,"2012–2015",0.294384586535624,0.955438221981031,FALSE,FALSE,FALSE
"ensemble-089",2024,"2021–2024","2014–2023","2021–2024","2020–2023",274.374125,1158.52725,0.236830100457283,0.235341901819279,1.46959895554365,0.877963125548727,"2012–2015",0.245020006560123,0.960500757155645,FALSE,FALSE,FALSE
"ensemble-090",2024,"2021–2024","2014–2023","2021–2024","2020–2023",1534.902375,3513.344,0.436877907486429,0.433187213955986,2.2919253023742,0.611995104039168,"2012–2015",0.443522109854037,0.976698126951433,FALSE,FALSE,FALSE
"ensemble-091",2024,"2021–2024","2014–2023","2021–2024","2020–2023",357.305,1087.87675,0.328442537263527,0.327400880554751,2.23315625,0.594530321046373,"2012–2015",0.313103026092957,1.0456650152514,FALSE,FALSE,FALSE
"ensemble-092",2024,"2021–2024","2014–2023","2021–2024","2020–2023",344.96075,1004.697,0.343348044236222,0.341685494452837,2.26649638633377,0.593119810201661,"2012–2015",0.334399354487132,1.02178873812983,FALSE,FALSE,FALSE
"ensemble-093",2024,"2021–2024","2014–2023","2021–2024","2020–2023",677.099375,2590.8445,0.261343116115228,0.260461170093425,1.36374496475327,0.966183574879227,"2012–2015",0.280983055709094,0.926963974521955,FALSE,FALSE,FALSE
"ensemble-094",2024,"2021–2024","2014–2023","2021–2024","2020–2023",1048.763625,3385.3935,0.309790759922,0.308928983973735,1.58687187925556,0.909090909090909,"2012–2015",0.331996455129762,0.930518923321002,FALSE,FALSE,FALSE
"ensemble-095",2024,"2021–2024","2014–2023","2021–2024","2020–2023",944.59775,2783.92475,0.339304340032898,0.337283253050919,1.74505403657861,0.803212851405622,"2012–2015",0.358741241982965,0.940185330202247,FALSE,FALSE,FALSE
"ensemble-098",2024,"2021–2024","2014–2023","2021–2024","2020–2023",283.5355625,2090.3005,0.135643445762942,0.136066552343434,0.77173533614589,1.36221223266585,"2012–2015",0.144817042782443,0.939575548078584,TRUE,TRUE,TRUE
"ensemble-099",2024,"2021–2024","2014–2023","2021–2024","2020–2023",536.684,2037.318,0.263426720816289,0.2625209988886,1.3918153526971,0.893655049151028,"2012–2015",0.280390952702002,0.936267723187226,FALSE,FALSE,FALSE
"ensemble-100",2024,"2021–2024","2014–2023","2021–2024","2020–2023",260.3025,1751.211,0.148641425847599,0.148351445114122,0.876144395826321,1.30089761935736,"2012–2015",0.15069731731422,0.984433218574108,TRUE,TRUE,TRUE
