ensemble_id,rr_group,requested_tag_reporting_flag2,effective_flag2_when_mixing_period_positive,effective_flag2_when_mixing_period_zero,tag_mixing_k_cutoff,zero_mixing_events,tag_reporting_zero_mixing_exclusions,maximum_gradient_component,retention_criterion,source_archive,archive_sha256,final_par_source_path,final_par_split_path,final_par_bytes,final_par_sha256,bet_ini_archive_member,bet_model_ini_archive_member,archived_bet_ini_model_ini_byte_identical,bet_ini_split_path,bet_ini_bytes,bet_ini_sha256,plot_rep_source_path,plot_rep_split_path,plot_rep_archive_member,plot_rep_bytes,plot_rep_lines,plot_rep_sha256
ensemble-001,inclusion,0,0,1,0.1,0,0,9.61238413505548e-05,public fit ledger maximum_gradient <= 1e-4,job-022501/output_archive.tar.gz,2f4e93a5098e4ff438bfb955032a7b346302f4bcbf756e90748f9587994996f8,final-par/ensemble-001/final.par,final-par-rr-inclusion-flag2-0/ensemble-001/final.par,2957210,81853e0f513af299efc731902535f78ca5b6343da39ea8ea15111872443e7a96,./outputs/models/ensemble-001/bet.ini,./outputs/models/ensemble-001/bet.model.ini,TRUE,final-par-rr-inclusion-flag2-0/ensemble-001/bet.ini,66809,ebebd3ea8a9c78e91acbec32bcd757b3ab1e6cf925a68a9339c8f9d0d92d4285,final-par/ensemble-001/plot-11.par.rep,final-par-rr-inclusion-flag2-0/ensemble-001/plot-11.par.rep,./outputs/models/ensemble-001/plot-11.par.rep,2851710,6349,c376c6edcf172e25f6863e54011a8ed44a8b61ea25e3169bce246024b9fcb211
ensemble-005,inclusion,0,0,1,0.3,14,14,5.46278257900106e-05,public fit ledger maximum_gradient <= 1e-4,job-022505/output_archive.tar.gz,a28d5148aae96110f5ed8eb2454e2c5715a99a0e8d296638b9a246d2cc262d73,final-par/ensemble-005/final.par,final-par-rr-inclusion-flag2-0/ensemble-005/final.par,2957213,26ea565fbae231b59eeba8646da53d939c06adfa5ec9f451f11e813ef376d9d2,./outputs/models/ensemble-005/bet.ini,./outputs/models/ensemble-005/bet.model.ini,TRUE,final-par-rr-inclusion-flag2-0/ensemble-005/bet.ini,66811,a3490248b17cb5996053e62573311ccd44b059602b9873f66da9bb2c565a33de,final-par/ensemble-005/plot-11.par.rep,final-par-rr-inclusion-flag2-0/ensemble-005/plot-11.par.rep,./outputs/models/ensemble-005/plot-11.par.rep,2844344,6349,1ba9d82db2cabc79e3484741078037c3896c2935f0c709fc03c79bd7d38a5029
ensemble-006,inclusion,0,0,1,0.25,6,6,6.90218697200069e-05,public fit ledger maximum_gradient <= 1e-4,job-022503/output_archive.tar.gz,3dbb4af73c4c60fcf7c07888a9606daeb722d8803f45460f9ff7304946d6ee2b,final-par/ensemble-006/final.par,final-par-rr-inclusion-flag2-0/ensemble-006/final.par,2957227,71c9147f47a20da15ba3d0a0f01136ee55b018558658e690776c6b6edf896b7a,./outputs/models/ensemble-006/bet.ini,./outputs/models/ensemble-006/bet.model.ini,TRUE,final-par-rr-inclusion-flag2-0/ensemble-006/bet.ini,66811,02ce422a4d3f699c356f76d2d9575814d73e795df145c776445c00e64092234d,final-par/ensemble-006/plot-11.par.rep,final-par-rr-inclusion-flag2-0/ensemble-006/plot-11.par.rep,./outputs/models/ensemble-006/plot-11.par.rep,2844546,6349,a8cc1ac04ce826bda95b1e1e94141f34a3280cc45ca67d392b01e0a6bd3ce7c6
ensemble-007,inclusion,0,0,1,0.35,18,18,8.37527730061043e-05,public fit ledger maximum_gradient <= 1e-4,job-022510/output_archive.tar.gz,9cfd7cbfef8b489cde76e96c5f780e0b7430312900f72bcf862ce03a18ef45c1,final-par/ensemble-007/final.par,final-par-rr-inclusion-flag2-0/ensemble-007/final.par,2957219,e1f5072290ccf463c2f4ca94a7e5f44b611970653cdc7fb9293169744bcd7bae,./outputs/models/ensemble-007/bet.ini,./outputs/models/ensemble-007/bet.model.ini,TRUE,final-par-rr-inclusion-flag2-0/ensemble-007/bet.ini,66809,97565d4093a96fe4ccdfa870d728d874689fbeb3d466ce88add23bfe93adb859,final-par/ensemble-007/plot-11.par.rep,final-par-rr-inclusion-flag2-0/ensemble-007/plot-11.par.rep,./outputs/models/ensemble-007/plot-11.par.rep,2853904,6349,994a7081cbf9b951869449ab76f3314501f0287bcaf51faf18a60ac2f24d4596
ensemble-008,inclusion,0,0,1,0.15,1,1,9.92659455831802e-05,public fit ledger maximum_gradient <= 1e-4,job-022506/output_archive.tar.gz,82381a46bf3aa0968d97abbf561c1c6d3aa822f22603adde62ebc6f27be705a7,final-par/ensemble-008/final.par,final-par-rr-inclusion-flag2-0/ensemble-008/final.par,2957210,c5207c7e5cd12a4b66630cfa048a98d0b898269d7aeb601b8f7de015cfdf3e5e,./outputs/models/ensemble-008/bet.ini,./outputs/models/ensemble-008/bet.model.ini,TRUE,final-par-rr-inclusion-flag2-0/ensemble-008/bet.ini,66811,1003d7f45aa6d566059af33081b4095a0d56ed4165c26457d4bfda17f3796e70,final-par/ensemble-008/plot-11.par.rep,final-par-rr-inclusion-flag2-0/ensemble-008/plot-11.par.rep,./outputs/models/ensemble-008/plot-11.par.rep,2847498,6349,0ee382f45143f6d101bacd1c1197f7339f9f374733db3f389a5664a89c004679
ensemble-014,inclusion,0,0,1,0.2,2,2,9.20035581609109e-05,public fit ledger maximum_gradient <= 1e-4,job-022515/output_archive.tar.gz,823c28f6d617a883006dfe108e7db744ba5a137a17130a9aa3531257c3c2f791,final-par/ensemble-014/final.par,final-par-rr-inclusion-flag2-0/ensemble-014/final.par,2957178,ccdba7a52bc661901e5b3480b70f5fb9792c6e9a276cb80f24d3c9bb8c9bac0c,./outputs/models/ensemble-014/bet.ini,./outputs/models/ensemble-014/bet.model.ini,TRUE,final-par-rr-inclusion-flag2-0/ensemble-014/bet.ini,66809,96068f7af3ee22369e1726e61be3957d43309b5a3624d9675cfe7a42c840658b,final-par/ensemble-014/plot-11.par.rep,final-par-rr-inclusion-flag2-0/ensemble-014/plot-11.par.rep,./outputs/models/ensemble-014/plot-11.par.rep,2847237,6349,4fdd86f517ad732ad3a6b8dbeddda8ccdf129b0d8f161b0d1244c06c1d0435d6
ensemble-022,inclusion,0,0,1,0.15,1,1,9.21642756766876e-05,public fit ledger maximum_gradient <= 1e-4,job-022521/output_archive.tar.gz,115d7e27f42c8ebc2a045956071a75801f628140715f7c6b51893aaeb32e46c2,final-par/ensemble-022/final.par,final-par-rr-inclusion-flag2-0/ensemble-022/final.par,2957275,f38664c2809d20bdc5db90b97f10537de397fddf026692cc8c9f64e42dd98963,./outputs/models/ensemble-022/bet.ini,./outputs/models/ensemble-022/bet.model.ini,TRUE,final-par-rr-inclusion-flag2-0/ensemble-022/bet.ini,66811,b8c4927dcbeec3fad8a6810455d176b8bd0e6dbad3ded2a1c90f430366a4b965,final-par/ensemble-022/plot-11.par.rep,final-par-rr-inclusion-flag2-0/ensemble-022/plot-11.par.rep,./outputs/models/ensemble-022/plot-11.par.rep,2848939,6349,4d924bdb5cb98efb394107b53fb490f67ee2da34198dbd406d188d4808ff4cc8
ensemble-025,inclusion,0,0,1,0.25,6,6,9.08639946086583e-05,public fit ledger maximum_gradient <= 1e-4,job-022524/output_archive.tar.gz,7d302e8029a73ecdae575efb6cb0a6e850348375c71067cb4b523f6cae05735b,final-par/ensemble-025/final.par,final-par-rr-inclusion-flag2-0/ensemble-025/final.par,2957218,8052210b680a96e8b3faddf95378da28752cc128d14bd77f87048739cabc9b14,./outputs/models/ensemble-025/bet.ini,./outputs/models/ensemble-025/bet.model.ini,TRUE,final-par-rr-inclusion-flag2-0/ensemble-025/bet.ini,66809,518fb6ce4a02fc26931e222a35231fb5fc86465cacd8e3b5779a5c54f02f3810,final-par/ensemble-025/plot-11.par.rep,final-par-rr-inclusion-flag2-0/ensemble-025/plot-11.par.rep,./outputs/models/ensemble-025/plot-11.par.rep,2848138,6349,81da2ab6cc943adee25532d1c15c90803f624961c19bcb86c202b34ad2fb6bdd
ensemble-027,inclusion,0,0,1,0.15,1,1,9.25754150158406e-05,public fit ledger maximum_gradient <= 1e-4,job-022526/output_archive.tar.gz,15e1eba603716027e825c23d83a402f71890def580abe074c15131527cef414b,final-par/ensemble-027/final.par,final-par-rr-inclusion-flag2-0/ensemble-027/final.par,2957232,8d69a6924f4c032d90fe308c9f0c0442ec6120818f39634f9fcbae8b7fa585a9,./outputs/models/ensemble-027/bet.ini,./outputs/models/ensemble-027/bet.model.ini,TRUE,final-par-rr-inclusion-flag2-0/ensemble-027/bet.ini,66811,9ad3e0c8ce7a0961bdd3bdd5ad02913161847acf34b5d0bfae9c81caef562c1f,final-par/ensemble-027/plot-11.par.rep,final-par-rr-inclusion-flag2-0/ensemble-027/plot-11.par.rep,./outputs/models/ensemble-027/plot-11.par.rep,2847416,6349,7ec64b3ac55145809c3ff3c3f11161ad401d9b0e3c5a3ef2073d5e07e422ed7a
ensemble-029,inclusion,0,0,1,0.1,0,0,9.61844017289685e-05,public fit ledger maximum_gradient <= 1e-4,job-022528/output_archive.tar.gz,f5c975d87e90e7c82a072889cc9a1bf15fce70c68fd51b43f6071e15fc9105f8,final-par/ensemble-029/final.par,final-par-rr-inclusion-flag2-0/ensemble-029/final.par,2957203,54b4049b2258f4346af0f29e39df933ff55ae54d33e7c140c4d452da0dd712e3,./outputs/models/ensemble-029/bet.ini,./outputs/models/ensemble-029/bet.model.ini,TRUE,final-par-rr-inclusion-flag2-0/ensemble-029/bet.ini,66811,b345200ea9468b3a6b0e587b74978596596cb0e1e1d706a038c60fbb000f404c,final-par/ensemble-029/plot-11.par.rep,final-par-rr-inclusion-flag2-0/ensemble-029/plot-11.par.rep,./outputs/models/ensemble-029/plot-11.par.rep,2848427,6349,6e3a7623e438fbbfdaf1e92568d4d414eabb0dd319415186ca97013b57e6903b
ensemble-032,inclusion,0,0,1,0.1,0,0,7.67099632872541e-05,public fit ledger maximum_gradient <= 1e-4,job-022531/output_archive.tar.gz,9d0102a0340dc4567aa31f5a2e39ac590ebc05a531be6c24375b0a8fa4df114c,final-par/ensemble-032/final.par,final-par-rr-inclusion-flag2-0/ensemble-032/final.par,2957189,b0b8ca77cb2a8f27f7af012dcd4ddaf367293526237d165ae9923f731c9ece5b,./outputs/models/ensemble-032/bet.ini,./outputs/models/ensemble-032/bet.model.ini,TRUE,final-par-rr-inclusion-flag2-0/ensemble-032/bet.ini,66809,0bdf6e4780b2c6395615413ed4bddd134d9581e05453559fdc2794d77cb4faf5,final-par/ensemble-032/plot-11.par.rep,final-par-rr-inclusion-flag2-0/ensemble-032/plot-11.par.rep,./outputs/models/ensemble-032/plot-11.par.rep,2851817,6349,ec42fb5a66efa5b130be3e62b2f86da90bf08aafcf0c5ad6789a32fd8ee02fb7
ensemble-033,inclusion,0,0,1,0.2,2,2,7.33740515780615e-05,public fit ledger maximum_gradient <= 1e-4,job-022532/output_archive.tar.gz,28765be3ae10827377f366831e99c85098e50f69bb780ab4e2e98f60e2ba5a85,final-par/ensemble-033/final.par,final-par-rr-inclusion-flag2-0/ensemble-033/final.par,2957227,806b2fec7c2af95d11e2a6ee1a9fa151effc3459eddb2b9b5ab245e775bbf9ef,./outputs/models/ensemble-033/bet.ini,./outputs/models/ensemble-033/bet.model.ini,TRUE,final-par-rr-inclusion-flag2-0/ensemble-033/bet.ini,66811,f1b141faefab2928163a5a2107bbbd6702aba1ded3d7e649283a70c80a3f6565,final-par/ensemble-033/plot-11.par.rep,final-par-rr-inclusion-flag2-0/ensemble-033/plot-11.par.rep,./outputs/models/ensemble-033/plot-11.par.rep,2858337,6349,3ca081b1e3ec9686d87222dc0596685c16b70df5e81c5df8ccd7bd1bde469dad
ensemble-034,inclusion,0,0,1,0.35,18,18,5.97639820182288e-05,public fit ledger maximum_gradient <= 1e-4,job-022533/output_archive.tar.gz,f5750fd14f8e861f3c7670c3656af151f9d16fb9e07f802f777b07111f6647dc,final-par/ensemble-034/final.par,final-par-rr-inclusion-flag2-0/ensemble-034/final.par,2957210,5e1e0a99df9d59b46405b5d6f52cd1da82f3f339913bef52133d371030b54370,./outputs/models/ensemble-034/bet.ini,./outputs/models/ensemble-034/bet.model.ini,TRUE,final-par-rr-inclusion-flag2-0/ensemble-034/bet.ini,66807,71939cbd694781a3ae58a6565bada90d52ff4b1dccd45681520c1e313e7e2411,final-par/ensemble-034/plot-11.par.rep,final-par-rr-inclusion-flag2-0/ensemble-034/plot-11.par.rep,./outputs/models/ensemble-034/plot-11.par.rep,2846420,6349,5e5aa12f3fd5d2fa0c0b504e9e26d5027727deccc9faf4fb9a497135b7912c2d
ensemble-035,inclusion,0,0,1,0.2,2,2,9.78312271498671e-05,public fit ledger maximum_gradient <= 1e-4,job-022534/output_archive.tar.gz,067eb313eca7693676eacc20cf689967496828ddab42b3c92927a18228521b95,final-par/ensemble-035/final.par,final-par-rr-inclusion-flag2-0/ensemble-035/final.par,2957224,f021e31fe62a2f7b06f4c0f849b93ab614691450baf0795ebb8936721b794dd1,./outputs/models/ensemble-035/bet.ini,./outputs/models/ensemble-035/bet.model.ini,TRUE,final-par-rr-inclusion-flag2-0/ensemble-035/bet.ini,66809,2280a34604644ba3c131bbb50d616bffdadc6de236beb0a5ea2870b698995c89,final-par/ensemble-035/plot-11.par.rep,final-par-rr-inclusion-flag2-0/ensemble-035/plot-11.par.rep,./outputs/models/ensemble-035/plot-11.par.rep,2849339,6349,6a30d0dc1738bebeb8d2b24e7145a9f2c142de7e1edabbdbc0976ec206940fda
ensemble-040,inclusion,0,0,1,0.15,1,1,9.97022791262713e-05,public fit ledger maximum_gradient <= 1e-4,job-022539/output_archive.tar.gz,675c17246c3f5473477e7c2eaa278f2cd5d6c5c24650e9f496cea032eb84bff5,final-par/ensemble-040/final.par,final-par-rr-inclusion-flag2-0/ensemble-040/final.par,2957195,c7369167b7864615bbb6bda1eb5018438a276d5b5d99f0b4dc21fbdf05a87d9e,./outputs/models/ensemble-040/bet.ini,./outputs/models/ensemble-040/bet.model.ini,TRUE,final-par-rr-inclusion-flag2-0/ensemble-040/bet.ini,66808,789142222eaf33abef051f1a5f60be557ac59cdfa28efeb1af745df04c455bf7,final-par/ensemble-040/plot-11.par.rep,final-par-rr-inclusion-flag2-0/ensemble-040/plot-11.par.rep,./outputs/models/ensemble-040/plot-11.par.rep,2851351,6349,51ebd851453e158d831d64fa137a853306d59546a53fc327cc76f4b66817ddb2
ensemble-042,inclusion,0,0,1,0.15,1,1,9.38825263259918e-05,public fit ledger maximum_gradient <= 1e-4,job-022541/output_archive.tar.gz,60e6936f955b7b95e0b32073e6f59f8598e87e76f1c662a0b167b287c1456019,final-par/ensemble-042/final.par,final-par-rr-inclusion-flag2-0/ensemble-042/final.par,2957241,f3600b58313f571fa541db27661828902f854edc25420b5e7cca6ab27ddc3372,./outputs/models/ensemble-042/bet.ini,./outputs/models/ensemble-042/bet.model.ini,TRUE,final-par-rr-inclusion-flag2-0/ensemble-042/bet.ini,66809,db3644361a10ea300dfcaf299c28d5d10fff6a0d618da18e4b99bbd67ebf4b25,final-par/ensemble-042/plot-11.par.rep,final-par-rr-inclusion-flag2-0/ensemble-042/plot-11.par.rep,./outputs/models/ensemble-042/plot-11.par.rep,2845566,6349,7ec6e003c6f4a3486146d9b9018da7d2ecb95d71d4e0abce3cd538aece39953f
ensemble-043,inclusion,0,0,1,0.2,2,2,9.07956807652389e-05,public fit ledger maximum_gradient <= 1e-4,job-022542/output_archive.tar.gz,87c5fba4aa2946bfa49c22863c1fe84fa8725523305de093bcef8b766ae432a8,final-par/ensemble-043/final.par,final-par-rr-inclusion-flag2-0/ensemble-043/final.par,2957190,6dad6fca73dd8d0592caa6cf45ffcd80d245321676141d44a0d7a523032eb0fa,./outputs/models/ensemble-043/bet.ini,./outputs/models/ensemble-043/bet.model.ini,TRUE,final-par-rr-inclusion-flag2-0/ensemble-043/bet.ini,66811,88731ed80852f9ffcf7b09f899b84609caf1ee58105927618169c4cdf8636198,final-par/ensemble-043/plot-11.par.rep,final-par-rr-inclusion-flag2-0/ensemble-043/plot-11.par.rep,./outputs/models/ensemble-043/plot-11.par.rep,2846060,6349,32a98c86b1af701e1fa99f38ef71efea3a16965e394cd38ef43601e0377825d6
ensemble-044,inclusion,0,0,1,0.1,0,0,9.29595364811947e-05,public fit ledger maximum_gradient <= 1e-4,job-022543/output_archive.tar.gz,02acb3c97d2a7bb1801bf8f0be1c99937ff828193625010c2096c7b05809af6f,final-par/ensemble-044/final.par,final-par-rr-inclusion-flag2-0/ensemble-044/final.par,2957249,682d113e649995f13be0944eef473680322b0f539343a3ec22dc0e093a8e0179,./outputs/models/ensemble-044/bet.ini,./outputs/models/ensemble-044/bet.model.ini,TRUE,final-par-rr-inclusion-flag2-0/ensemble-044/bet.ini,66811,b04aa47cf750547919e0c0793db10a3c555ba378ad2cebe4cf3d05abfc04449b,final-par/ensemble-044/plot-11.par.rep,final-par-rr-inclusion-flag2-0/ensemble-044/plot-11.par.rep,./outputs/models/ensemble-044/plot-11.par.rep,2850292,6349,d7b639b6ff1e1884a302398e2c4caec1e667103fe5debddad1b0316fad9b911c
ensemble-045,inclusion,0,0,1,0.1,0,0,9.94671952413932e-05,public fit ledger maximum_gradient <= 1e-4,job-022544/output_archive.tar.gz,4051c593ac00d30adba94570f20ce716b05adc8c5b5fc6d129bfa5a2826664af,final-par/ensemble-045/final.par,final-par-rr-inclusion-flag2-0/ensemble-045/final.par,2957178,4214dd1b9901d6e3de41b3f246a4131aeeeca7229f05eaf66257b458089fd5f2,./outputs/models/ensemble-045/bet.ini,./outputs/models/ensemble-045/bet.model.ini,TRUE,final-par-rr-inclusion-flag2-0/ensemble-045/bet.ini,66811,df66d36192e8ebde6ccb114bcce0266241e551749d16d0afde7baf684f28dbce,final-par/ensemble-045/plot-11.par.rep,final-par-rr-inclusion-flag2-0/ensemble-045/plot-11.par.rep,./outputs/models/ensemble-045/plot-11.par.rep,2847649,6349,0d341ea6264e47c5cc7843f4aed72d3ec822f6da89ac280687f336fd6ec5e3c1
ensemble-046,inclusion,0,0,1,0.2,2,2,8.47119675689936e-05,public fit ledger maximum_gradient <= 1e-4,job-022545/output_archive.tar.gz,affa1cb3a850201a112651070bdae9a8e013f29186c4f8a0802b6d6c6f866078,final-par/ensemble-046/final.par,final-par-rr-inclusion-flag2-0/ensemble-046/final.par,2957208,8993a0eb84e167cba5653cd66397cd9d26c33f624e920d4079b8a05b7b8e7234,./outputs/models/ensemble-046/bet.ini,./outputs/models/ensemble-046/bet.model.ini,TRUE,final-par-rr-inclusion-flag2-0/ensemble-046/bet.ini,66811,44e80633920f0274c13b49279eade95e207db16d4865ba109eb562a2c54538ed,final-par/ensemble-046/plot-11.par.rep,final-par-rr-inclusion-flag2-0/ensemble-046/plot-11.par.rep,./outputs/models/ensemble-046/plot-11.par.rep,2860115,6349,e471e570f3e84aa6ff28da1b69400eaf8db89c8e91dcdcbced9c7b60099bcb7d
ensemble-049,inclusion,0,0,1,0.3,14,14,8.42124565130524e-05,public fit ledger maximum_gradient <= 1e-4,job-022548/output_archive.tar.gz,18e4a8652b3fb2061afddebcea8805af1175970ef4c1dc973ed7f19711b81e2c,final-par/ensemble-049/final.par,final-par-rr-inclusion-flag2-0/ensemble-049/final.par,2957178,da2514716c78892e8da9ab9eee7a0193aa7bd22ab88fece1d8a29ce9b76a4c3b,./outputs/models/ensemble-049/bet.ini,./outputs/models/ensemble-049/bet.model.ini,TRUE,final-par-rr-inclusion-flag2-0/ensemble-049/bet.ini,66811,4f29dc9c4af7e0866c8110154fb524b5211d078f75ff6eacf01e0d22e815df9a,final-par/ensemble-049/plot-11.par.rep,final-par-rr-inclusion-flag2-0/ensemble-049/plot-11.par.rep,./outputs/models/ensemble-049/plot-11.par.rep,2847797,6349,aebaa56dd0873753a7ec3e4476cb200ed764e8a05ee5d346e5b20b5c4e14efd8
ensemble-052,inclusion,0,0,1,0.25,6,6,8.73075569047253e-05,public fit ledger maximum_gradient <= 1e-4,job-022551/output_archive.tar.gz,684d04a2086970a13a01fdccee9c35258b7fe8bdbaf2081ad485107230e3e4cc,final-par/ensemble-052/final.par,final-par-rr-inclusion-flag2-0/ensemble-052/final.par,2957226,28895a3bb868b8b6e9e9089934493b206810794b2d6d557d53a07265c84c4ac8,./outputs/models/ensemble-052/bet.ini,./outputs/models/ensemble-052/bet.model.ini,TRUE,final-par-rr-inclusion-flag2-0/ensemble-052/bet.ini,66811,3abeae4c092e863e7f2779d9f0a03fa65b879f7e7efdfafb39ef1aaf2543a84d,final-par/ensemble-052/plot-11.par.rep,final-par-rr-inclusion-flag2-0/ensemble-052/plot-11.par.rep,./outputs/models/ensemble-052/plot-11.par.rep,2844800,6349,2cd98f9fea6d05b6aac21cc87af636303d3f31b456af47fb101da82b60946ca0
ensemble-062,inclusion,0,0,1,0.25,6,6,9.68912096726196e-05,public fit ledger maximum_gradient <= 1e-4,job-022561/output_archive.tar.gz,2365dd04e7a1fc5fc8380b523bb94f4c4d11ef7f753fd14c33893239e2a02357,final-par/ensemble-062/final.par,final-par-rr-inclusion-flag2-0/ensemble-062/final.par,2957226,507c5eb0bbf705bcb5161cbb03c7863351d412ae4c3f8ca93e3ac72f1bd3dabe,./outputs/models/ensemble-062/bet.ini,./outputs/models/ensemble-062/bet.model.ini,TRUE,final-par-rr-inclusion-flag2-0/ensemble-062/bet.ini,66809,950df79c47c77220fe4dd1eecdb3599e9dd70f1bd79c4c9f3a853a8bc41a22bc,final-par/ensemble-062/plot-11.par.rep,final-par-rr-inclusion-flag2-0/ensemble-062/plot-11.par.rep,./outputs/models/ensemble-062/plot-11.par.rep,2844184,6349,d78201afaaea55aedd107dbd03ee3831bc7775de05034ec3318f9941704887a4
ensemble-063,inclusion,0,0,1,0.15,1,1,5.93553076728006e-05,public fit ledger maximum_gradient <= 1e-4,job-022562/output_archive.tar.gz,b83b09cb95298d220ccb273460eed8f2d8078f8688e50a8058c63e6e712bfbf0,final-par/ensemble-063/final.par,final-par-rr-inclusion-flag2-0/ensemble-063/final.par,2957217,4b3629229c2fce797da9fce4e262950dbeae821ad5a6c62c6cd5ffde1eeb9ebb,./outputs/models/ensemble-063/bet.ini,./outputs/models/ensemble-063/bet.model.ini,TRUE,final-par-rr-inclusion-flag2-0/ensemble-063/bet.ini,66811,55174c7b935e19c2d471d9936136f309068b6fc025149a37e70ab08cc9dc7125,final-par/ensemble-063/plot-11.par.rep,final-par-rr-inclusion-flag2-0/ensemble-063/plot-11.par.rep,./outputs/models/ensemble-063/plot-11.par.rep,2847920,6349,2715790808bba3e6b9555b88d26bdb1d9f386cc05adbdae276950adac4999227
ensemble-065,inclusion,0,0,1,0.2,2,2,9.17770284390758e-05,public fit ledger maximum_gradient <= 1e-4,job-022564/output_archive.tar.gz,9cb0bdad7b70f5bc86bd334e21200f7875c5c58e05c5f4ed8dace653ad8fc54b,final-par/ensemble-065/final.par,final-par-rr-inclusion-flag2-0/ensemble-065/final.par,2957161,f71cfb20eb5dcde5573d263dc0c630b1d79bdcf9e852173cb5be8817228e39ba,./outputs/models/ensemble-065/bet.ini,./outputs/models/ensemble-065/bet.model.ini,TRUE,final-par-rr-inclusion-flag2-0/ensemble-065/bet.ini,66811,06da59692d8d7d6fa0cc04a6a0878cb366743d57a8d2df3f467ed05f9dd71b37,final-par/ensemble-065/plot-11.par.rep,final-par-rr-inclusion-flag2-0/ensemble-065/plot-11.par.rep,./outputs/models/ensemble-065/plot-11.par.rep,2850377,6349,75a0bc169b961ea303682d0ce5822911faec1a2801a52e2d1e57ad88d650f160
ensemble-071,inclusion,0,0,1,0.25,6,6,6.77863002124657e-05,public fit ledger maximum_gradient <= 1e-4,job-022570/output_archive.tar.gz,e0e1906886d277b7f17b060b2decc09998717d490106697b3b770cf336a33986,final-par/ensemble-071/final.par,final-par-rr-inclusion-flag2-0/ensemble-071/final.par,2957224,817e9109dfc426f45c6107da3c18756beaa47e5cddc39687def90aa6c567d526,./outputs/models/ensemble-071/bet.ini,./outputs/models/ensemble-071/bet.model.ini,TRUE,final-par-rr-inclusion-flag2-0/ensemble-071/bet.ini,66811,cb44c609280c3dda0e62402967de75140996145a6a0250023bb94d37e1e96d63,final-par/ensemble-071/plot-11.par.rep,final-par-rr-inclusion-flag2-0/ensemble-071/plot-11.par.rep,./outputs/models/ensemble-071/plot-11.par.rep,2860979,6349,e73e60ed9a1e3c2666462efbd8c5e84760e9d8545a0dd19cfa6bdfc0da857725
ensemble-074,inclusion,0,0,1,0.2,2,2,9.41398000015810e-05,public fit ledger maximum_gradient <= 1e-4,job-022573/output_archive.tar.gz,666eb79c8cf7cb333d9a222227ed51000dee220c8a4a1268bb0d934467d04810,final-par/ensemble-074/final.par,final-par-rr-inclusion-flag2-0/ensemble-074/final.par,2957249,84d0342e0458d45fa343dac2d99c5cd1d9e2cc512c461fce3927f0d06a7e08c8,./outputs/models/ensemble-074/bet.ini,./outputs/models/ensemble-074/bet.model.ini,TRUE,final-par-rr-inclusion-flag2-0/ensemble-074/bet.ini,66806,8e425ebca49a3ca113c5379945427849acc7f2598232f45a78207be34e5651ab,final-par/ensemble-074/plot-11.par.rep,final-par-rr-inclusion-flag2-0/ensemble-074/plot-11.par.rep,./outputs/models/ensemble-074/plot-11.par.rep,2862385,6349,ee77908606e3caa850a599a5e6025acd4da606b37fdfb4402d71799798493c5d
ensemble-078,inclusion,0,0,1,0.15,1,1,9.98011887170647e-05,public fit ledger maximum_gradient <= 1e-4,job-022577/output_archive.tar.gz,30abd42706b9c1ab900f400a451057061e468c9749cf5ab017b7961310ccd2bf,final-par/ensemble-078/final.par,final-par-rr-inclusion-flag2-0/ensemble-078/final.par,2957230,649d4fea42993ee5100709550087c2742a8988a7776b35e48db5469b5451977b,./outputs/models/ensemble-078/bet.ini,./outputs/models/ensemble-078/bet.model.ini,TRUE,final-par-rr-inclusion-flag2-0/ensemble-078/bet.ini,66809,5752ac3b541252cad180c496c8255d9a0a60b523de838c6393bcf0e8c5180c25,final-par/ensemble-078/plot-11.par.rep,final-par-rr-inclusion-flag2-0/ensemble-078/plot-11.par.rep,./outputs/models/ensemble-078/plot-11.par.rep,2848956,6349,3866ec7fe92197b840cb0ee322e02e39f5b3c7b0ac527b2e79ebb4374e6377a2
ensemble-080,inclusion,0,0,1,0.35,18,18,9.18081938210401e-05,public fit ledger maximum_gradient <= 1e-4,job-022579/output_archive.tar.gz,4ab966ef1d9eeb311631d43f77c3b779740f3a12e5007a5a7b53fe5ff38f7cc9,final-par/ensemble-080/final.par,final-par-rr-inclusion-flag2-0/ensemble-080/final.par,2957236,66e7903b2c76d7e4fa1179eb3d51d5d00bef45d20202fa84af22dcecbc07dd5e,./outputs/models/ensemble-080/bet.ini,./outputs/models/ensemble-080/bet.model.ini,TRUE,final-par-rr-inclusion-flag2-0/ensemble-080/bet.ini,66811,b1926d33815762aee6af2a426d47654e2ed89cd25e2f25485eea1d5e5cadfd48,final-par/ensemble-080/plot-11.par.rep,final-par-rr-inclusion-flag2-0/ensemble-080/plot-11.par.rep,./outputs/models/ensemble-080/plot-11.par.rep,2849163,6349,de35d21fecfe494df39b66a5738653d48a3273ab6b59c20bc30afe8a5e71234e
ensemble-086,inclusion,0,0,1,0.1,0,0,9.04712669578351e-05,public fit ledger maximum_gradient <= 1e-4,job-022585/output_archive.tar.gz,f9ce490784945a15bb1956fd6a08416794ca8540cae89c021125e03eea1c51cd,final-par/ensemble-086/final.par,final-par-rr-inclusion-flag2-0/ensemble-086/final.par,2957214,e0015b47a1ca219e8765f031d512675405a64c1a2bcbdc934aef56114680b87c,./outputs/models/ensemble-086/bet.ini,./outputs/models/ensemble-086/bet.model.ini,TRUE,final-par-rr-inclusion-flag2-0/ensemble-086/bet.ini,66809,508ca2faee7ccd67aadb7cc545404ae930614b9a772e39cf8828c4796cccefc1,final-par/ensemble-086/plot-11.par.rep,final-par-rr-inclusion-flag2-0/ensemble-086/plot-11.par.rep,./outputs/models/ensemble-086/plot-11.par.rep,2868024,6349,5f2fa876eae3e58dde3d61a567ea4e03a666772f497780400d3741b9f376ae64
ensemble-089,inclusion,0,0,1,0.3,14,14,8.63901131261884e-05,public fit ledger maximum_gradient <= 1e-4,job-022588/output_archive.tar.gz,5867b3d2f0f95a15eb5181f26c9dc9148385d910a835051de7b0a9e90b8280a0,final-par/ensemble-089/final.par,final-par-rr-inclusion-flag2-0/ensemble-089/final.par,2957212,58249ff7ca5fadbd6166fa421aacedbaf0d4ed7c1bec1762657e784e0a6a4422,./outputs/models/ensemble-089/bet.ini,./outputs/models/ensemble-089/bet.model.ini,TRUE,final-par-rr-inclusion-flag2-0/ensemble-089/bet.ini,66811,f2d7fae0c0973a67be956bdf3058a30699628d219f7748c02458c4bce65d26f6,final-par/ensemble-089/plot-11.par.rep,final-par-rr-inclusion-flag2-0/ensemble-089/plot-11.par.rep,./outputs/models/ensemble-089/plot-11.par.rep,2850330,6349,a71aa28a694e66a9b65bbb8fdc770184c345e0edcedb3e5dc99252c0935947c2
ensemble-092,inclusion,0,0,1,0.05,0,0,9.56064465466494e-05,public fit ledger maximum_gradient <= 1e-4,job-022591/output_archive.tar.gz,0dae19aa5b4d11840900060723e761bc718d59eb4458a373192d6477a805f1c2,final-par/ensemble-092/final.par,final-par-rr-inclusion-flag2-0/ensemble-092/final.par,2957226,cbdb07038aa151354add2edc257a5a54fcc352ba07540772940ab7ca5f8f9cd1,./outputs/models/ensemble-092/bet.ini,./outputs/models/ensemble-092/bet.model.ini,TRUE,final-par-rr-inclusion-flag2-0/ensemble-092/bet.ini,66811,2b469416d355b59f78657fead285c6b96beaabff46401a4496f8182986ef9a1a,final-par/ensemble-092/plot-11.par.rep,final-par-rr-inclusion-flag2-0/ensemble-092/plot-11.par.rep,./outputs/models/ensemble-092/plot-11.par.rep,2857332,6349,504ae99c729ec58eab0676926d457cdf213db44fd3cf25e23e973474250f141c
ensemble-094,inclusion,0,0,1,0.15,1,1,8.83934153623300e-05,public fit ledger maximum_gradient <= 1e-4,job-022593/output_archive.tar.gz,266385e118dc756c0cf40bbb05295b543309931f1c64b4a60fe05717d4288ce8,final-par/ensemble-094/final.par,final-par-rr-inclusion-flag2-0/ensemble-094/final.par,2957195,b43bb9a8989ead61be63b8cd1514f3139b4f02286ce63aa684583c57e59d1767,./outputs/models/ensemble-094/bet.ini,./outputs/models/ensemble-094/bet.model.ini,TRUE,final-par-rr-inclusion-flag2-0/ensemble-094/bet.ini,66811,9b04e422455e955d3ad47474bd53783028747e0d1a0456f9951e7930087e94e5,final-par/ensemble-094/plot-11.par.rep,final-par-rr-inclusion-flag2-0/ensemble-094/plot-11.par.rep,./outputs/models/ensemble-094/plot-11.par.rep,2848920,6349,9f262712d80189e2fd87c20771361d20004139cb5238f52a097b21dfd9688a2e
ensemble-095,inclusion,0,0,1,0.05,0,0,6.97174238245996e-05,public fit ledger maximum_gradient <= 1e-4,job-022594/output_archive.tar.gz,6b24807bd36164220f935645eb7e69308d7cb3e2bb874bf55009ff210bc969d4,final-par/ensemble-095/final.par,final-par-rr-inclusion-flag2-0/ensemble-095/final.par,2957221,16d91166e704912ae81606d2477cbe7b20d057e1bfa02b4cc109ee6fe852e067,./outputs/models/ensemble-095/bet.ini,./outputs/models/ensemble-095/bet.model.ini,TRUE,final-par-rr-inclusion-flag2-0/ensemble-095/bet.ini,66811,0ad1bb301d142f41254c80cc671e94adf58c744d87b73d2d5988f6071e7eb3bb,final-par/ensemble-095/plot-11.par.rep,final-par-rr-inclusion-flag2-0/ensemble-095/plot-11.par.rep,./outputs/models/ensemble-095/plot-11.par.rep,2851240,6349,c12a3f0709f96fe2eabedcea3e1c96ae4f7123bc041b03b9e45dbc9a9707110e
ensemble-002,exclusion,1,1,1,0.2,2,0,8.22431634352898e-05,public fit ledger maximum_gradient <= 1e-4,job-022507/output_archive.tar.gz,5e3f1208153c3d981e0ac6965fd3b381304b97da2c552aeab11ddf0913227f73,final-par/ensemble-002/final.par,final-par-rr-exclusion-flag2-1/ensemble-002/final.par,2957181,1e1c7ef902ba300fd2ba25d8aaa51171864002f86cabfef09cf09826b971e5dd,./outputs/models/ensemble-002/bet.ini,./outputs/models/ensemble-002/bet.model.ini,TRUE,final-par-rr-exclusion-flag2-1/ensemble-002/bet.ini,66811,509e6fee82c4fa9b55b42fe56ff0f17dbb4fcb21fc2905027b33788b074830fe,final-par/ensemble-002/plot-11.par.rep,final-par-rr-exclusion-flag2-1/ensemble-002/plot-11.par.rep,./outputs/models/ensemble-002/plot-11.par.rep,2854322,6349,aca52f83f1945bf7f3fd518c1691c5c897e7b1b519bad4742160cdd798aebf60
ensemble-004,exclusion,1,1,1,0.15,1,0,7.27043404534605e-05,public fit ledger maximum_gradient <= 1e-4,job-022511/output_archive.tar.gz,091a6bcd27fd2448eae465f00770ac3f0d1f6cd7efaf0de0ef938ebe17cdaf36,final-par/ensemble-004/final.par,final-par-rr-exclusion-flag2-1/ensemble-004/final.par,2957227,f254b589c4d734581d5524bc3da91c28a551d38e537709f1bff9d67af04c9027,./outputs/models/ensemble-004/bet.ini,./outputs/models/ensemble-004/bet.model.ini,TRUE,final-par-rr-exclusion-flag2-1/ensemble-004/bet.ini,66811,fb5a4f2334583799962a4e554f5e747486a8e6b239348ec5b75eadd34741929d,final-par/ensemble-004/plot-11.par.rep,final-par-rr-exclusion-flag2-1/ensemble-004/plot-11.par.rep,./outputs/models/ensemble-004/plot-11.par.rep,2860631,6349,ea0f6adb938ae052204b4f03cbd122807c72f51730680bbdb0f9ac9b0f8f2e54
ensemble-009,exclusion,1,1,1,0.2,2,0,9.38067380541855e-05,public fit ledger maximum_gradient <= 1e-4,job-022502/output_archive.tar.gz,3ba0eb631cdec8ce67647996141b6ec0982fdf8591200c9f2d5a9e94747479c5,final-par/ensemble-009/final.par,final-par-rr-exclusion-flag2-1/ensemble-009/final.par,2957182,aa75da9127e821d9764bcd4b06935f78f15faefd99bcbe6533e228d4e0c4e499,./outputs/models/ensemble-009/bet.ini,./outputs/models/ensemble-009/bet.model.ini,TRUE,final-par-rr-exclusion-flag2-1/ensemble-009/bet.ini,66811,2c260bb131f7addc6426c5405533ef05bb31959c6ce35248ae6a827e2bd522c1,final-par/ensemble-009/plot-11.par.rep,final-par-rr-exclusion-flag2-1/ensemble-009/plot-11.par.rep,./outputs/models/ensemble-009/plot-11.par.rep,2850530,6349,5f3884cd9a85705d75fb6a7a3029cc18404bb44bbbb276bdb329e08e8e366c86
ensemble-010,exclusion,1,1,1,0.3,14,0,7.92426817916660e-05,public fit ledger maximum_gradient <= 1e-4,job-022512/output_archive.tar.gz,86171c07c9f3c2bab45780ac92a2e5fe76ca7cf2aca508486ff316d6dd08ed2c,final-par/ensemble-010/final.par,final-par-rr-exclusion-flag2-1/ensemble-010/final.par,2957211,df85f76aa55e80f621cbbfb31fc3d8762f200d8f16d9695393f9f5f1c38243ec,./outputs/models/ensemble-010/bet.ini,./outputs/models/ensemble-010/bet.model.ini,TRUE,final-par-rr-exclusion-flag2-1/ensemble-010/bet.ini,66809,69878719a52249a1761f85a44302e4736fe35d773d301a8f8f4d00fc4db66849,final-par/ensemble-010/plot-11.par.rep,final-par-rr-exclusion-flag2-1/ensemble-010/plot-11.par.rep,./outputs/models/ensemble-010/plot-11.par.rep,2850959,6349,dbfc13714a807d8c97597bb303108a3ce7ea754a3ffb055889838ed58eaa35b8
ensemble-011,exclusion,1,1,1,0.1,0,0,8.56272818320985e-05,public fit ledger maximum_gradient <= 1e-4,job-022504/output_archive.tar.gz,530bb74609fa53497d5965cc0f612b3cb185f0ae8fd60eeaa7d607ebe5f29d1c,final-par/ensemble-011/final.par,final-par-rr-exclusion-flag2-1/ensemble-011/final.par,2957163,cddeba56406491fc99537bc10aa2c9be1540bbac3439b8f97d570465080712c5,./outputs/models/ensemble-011/bet.ini,./outputs/models/ensemble-011/bet.model.ini,TRUE,final-par-rr-exclusion-flag2-1/ensemble-011/bet.ini,66809,7eeeed242a2f849f3ff83c61037027b8e34e6e575bd27e614b144b407870ea65,final-par/ensemble-011/plot-11.par.rep,final-par-rr-exclusion-flag2-1/ensemble-011/plot-11.par.rep,./outputs/models/ensemble-011/plot-11.par.rep,2851306,6349,c9367e9458c617163d56a656909e048b42f0ca6865e1642a6994578cf3d7126e
ensemble-012,exclusion,1,1,1,0.05,0,0,9.79298296013536e-05,public fit ledger maximum_gradient <= 1e-4,job-022508/output_archive.tar.gz,5c1b8f32fbab0ae4592800c68870da9c7351c18f503b5da55ed4d23a87552a6a,final-par/ensemble-012/final.par,final-par-rr-exclusion-flag2-1/ensemble-012/final.par,2957197,316bc35bbc2dbf8b93b6a49ac51b4532e09266bcb7ac5927c9d5d29e0e44aa4f,./outputs/models/ensemble-012/bet.ini,./outputs/models/ensemble-012/bet.model.ini,TRUE,final-par-rr-exclusion-flag2-1/ensemble-012/bet.ini,66811,61e14fac94f7505c3d1dab9fe3e16f27c307b064fb29a4cf90cd025e4079d7ab,final-par/ensemble-012/plot-11.par.rep,final-par-rr-exclusion-flag2-1/ensemble-012/plot-11.par.rep,./outputs/models/ensemble-012/plot-11.par.rep,2858413,6349,b0a98c40702b7cc0e3daea989509aee947de8748fbcf91ea27dd58d6362e53b9
ensemble-015,exclusion,1,1,1,0.35,18,0,5.55643589600894e-05,public fit ledger maximum_gradient <= 1e-4,job-022514/output_archive.tar.gz,edd67d6f68ad1b0a6dc598736add6c0fc77e5c598721ce60e0c2d0aa2f09b76c,final-par/ensemble-015/final.par,final-par-rr-exclusion-flag2-1/ensemble-015/final.par,2957234,0986a3a2555175988be063fbf28d817f3e2affc5d1712dd63d45a90fe9521a6b,./outputs/models/ensemble-015/bet.ini,./outputs/models/ensemble-015/bet.model.ini,TRUE,final-par-rr-exclusion-flag2-1/ensemble-015/bet.ini,66809,4be475352551737411e8ed97aeb99e14b212e07bf886d28052e0a18df900a1bd,final-par/ensemble-015/plot-11.par.rep,final-par-rr-exclusion-flag2-1/ensemble-015/plot-11.par.rep,./outputs/models/ensemble-015/plot-11.par.rep,2844305,6349,64808d11314a59861708a0f09c02b60963762026075ab9b95ad7026a1911b2ce
ensemble-018,exclusion,1,1,1,0.2,2,0,8.57477940961789e-05,public fit ledger maximum_gradient <= 1e-4,job-022518/output_archive.tar.gz,7ee7ba3aebeb560b5df9e123d111b30a834dc6ee5d6f78f011fd22280f1a9ea8,final-par/ensemble-018/final.par,final-par-rr-exclusion-flag2-1/ensemble-018/final.par,2957149,1d7c693184635ea835bbd42df64c365409f9cd88c54e4c1d9208e7901bfd048b,./outputs/models/ensemble-018/bet.ini,./outputs/models/ensemble-018/bet.model.ini,TRUE,final-par-rr-exclusion-flag2-1/ensemble-018/bet.ini,66811,adb8c811a11935d8b2f88121aa311b426a91caf7746ef75fe60151f2760aa2f7,final-par/ensemble-018/plot-11.par.rep,final-par-rr-exclusion-flag2-1/ensemble-018/plot-11.par.rep,./outputs/models/ensemble-018/plot-11.par.rep,2846916,6349,100e1d770f4f5dd6c98f4aba8cc8a85d5b295a49b7eb31c4b0b2f9ba33dc5afc
ensemble-019,exclusion,1,1,1,0.1,0,0,7.97634833285339e-05,public fit ledger maximum_gradient <= 1e-4,job-022517/output_archive.tar.gz,6f51ce4708e73ebd381644ea67bca3458ca46c5a28daa6a84991ad52e381ddfe,final-par/ensemble-019/final.par,final-par-rr-exclusion-flag2-1/ensemble-019/final.par,2957205,0e3d98b7b06e0a9fa0b34bbdca901a435481cdb63a398e54ff3875724dff07f8,./outputs/models/ensemble-019/bet.ini,./outputs/models/ensemble-019/bet.model.ini,TRUE,final-par-rr-exclusion-flag2-1/ensemble-019/bet.ini,66811,d4fc0433373f96697faa84d416cadc020422870d6f8ff2e893b9bcd0ea0329cd,final-par/ensemble-019/plot-11.par.rep,final-par-rr-exclusion-flag2-1/ensemble-019/plot-11.par.rep,./outputs/models/ensemble-019/plot-11.par.rep,2855538,6349,6e01dc090e275193da8b2869abe10410613d8bb99d155dd698561f2859c8a3f7
ensemble-021,exclusion,1,1,1,0.15,1,0,9.66014026466494e-05,public fit ledger maximum_gradient <= 1e-4,job-022520/output_archive.tar.gz,064c7510b6d34561849565a7e636e3753920745cfc968bae8a4059bf878e8d3a,final-par/ensemble-021/final.par,final-par-rr-exclusion-flag2-1/ensemble-021/final.par,2957194,ef973c7f3524e668bf4054b464077c790f96d3e62821fa923e976dda732802d8,./outputs/models/ensemble-021/bet.ini,./outputs/models/ensemble-021/bet.model.ini,TRUE,final-par-rr-exclusion-flag2-1/ensemble-021/bet.ini,66811,54a8b6f7364edf7a1430db45a7827fe14950f24b3c95586c33e1578f34cf7264,final-par/ensemble-021/plot-11.par.rep,final-par-rr-exclusion-flag2-1/ensemble-021/plot-11.par.rep,./outputs/models/ensemble-021/plot-11.par.rep,2852083,6349,a5cbc78383c18263cb58cb52d1b3a98e083875411f47a11a4d35ad4cdb900023
ensemble-023,exclusion,1,1,1,0.05,0,0,9.98658390899425e-05,public fit ledger maximum_gradient <= 1e-4,job-022522/output_archive.tar.gz,bd0ce2904ca0491522d4011e81cece1b1c4863990b41e7bb44b721e3300c3aed,final-par/ensemble-023/final.par,final-par-rr-exclusion-flag2-1/ensemble-023/final.par,2957166,ae83ac5b550e3f4ce420edb8e6a2219124c510c7061ca4f98e9eb23494281fe6,./outputs/models/ensemble-023/bet.ini,./outputs/models/ensemble-023/bet.model.ini,TRUE,final-par-rr-exclusion-flag2-1/ensemble-023/bet.ini,66809,c5fd64f9c5c9dc373a1df7aaad9c767091587b6c4848b2e8dc3e1e7d6abc69a5,final-par/ensemble-023/plot-11.par.rep,final-par-rr-exclusion-flag2-1/ensemble-023/plot-11.par.rep,./outputs/models/ensemble-023/plot-11.par.rep,2851212,6349,ff763eab86968b9616a74fb4530bd272c18a085224a115416d2e4944d4625a44
ensemble-024,exclusion,1,1,1,0.3,14,0,8.11836402342817e-05,public fit ledger maximum_gradient <= 1e-4,job-022523/output_archive.tar.gz,1b7abe534da798bbadfc19d935f93e30d70bb595f261a5f0ef9746083494ac60,final-par/ensemble-024/final.par,final-par-rr-exclusion-flag2-1/ensemble-024/final.par,2957209,d669eed36d7e56671cf19b169b0bf4f2b918e80ab98051377328478d366d7639,./outputs/models/ensemble-024/bet.ini,./outputs/models/ensemble-024/bet.model.ini,TRUE,final-par-rr-exclusion-flag2-1/ensemble-024/bet.ini,66809,d4223342d28772adc75ed11cf295dc0d29feff28597bde2ed135df982009da3e,final-par/ensemble-024/plot-11.par.rep,final-par-rr-exclusion-flag2-1/ensemble-024/plot-11.par.rep,./outputs/models/ensemble-024/plot-11.par.rep,2852668,6349,12debd26b3bd0c0ab8162a43e16c2bd53e5c4fec44991b95aba9d1c05e73c01f
ensemble-030,exclusion,1,1,1,0.2,2,0,9.25051540978643e-05,public fit ledger maximum_gradient <= 1e-4,job-022529/output_archive.tar.gz,490627c462e4cf70e6be87241e70e780546c61cee1bed2e3382cf53b1f5469f2,final-par/ensemble-030/final.par,final-par-rr-exclusion-flag2-1/ensemble-030/final.par,2957212,d1fe6dd79277e6e2ff892f550be59f0a56c6b4db1efe0fd93272b29c301525ed,./outputs/models/ensemble-030/bet.ini,./outputs/models/ensemble-030/bet.model.ini,TRUE,final-par-rr-exclusion-flag2-1/ensemble-030/bet.ini,66811,05ba9f8c684325ae8606724e5f47366a46fb32f21f6c6a0f1de7772219eb1c18,final-par/ensemble-030/plot-11.par.rep,final-par-rr-exclusion-flag2-1/ensemble-030/plot-11.par.rep,./outputs/models/ensemble-030/plot-11.par.rep,2861960,6349,4278c7ee96a8570ef957c56bba7cfd5cef41d7b0e492d59cfb47a2a58756e4ee
ensemble-031,exclusion,1,1,1,0.2,2,0,9.11508095562772e-05,public fit ledger maximum_gradient <= 1e-4,job-022530/output_archive.tar.gz,39fce0a549877f897caa567b29156e589eb60ec28967a356930d957ddef95366,final-par/ensemble-031/final.par,final-par-rr-exclusion-flag2-1/ensemble-031/final.par,2957121,cc351a733034bf6a583badfc7c2d1bae4c2047af405d325eb0dabf21164add8f,./outputs/models/ensemble-031/bet.ini,./outputs/models/ensemble-031/bet.model.ini,TRUE,final-par-rr-exclusion-flag2-1/ensemble-031/bet.ini,66811,6f14bf6c7d59e46200b68f8ee3b8481b819c9bfc12c1e50be5989cc989bacc9c,final-par/ensemble-031/plot-11.par.rep,final-par-rr-exclusion-flag2-1/ensemble-031/plot-11.par.rep,./outputs/models/ensemble-031/plot-11.par.rep,2845707,6349,16131b6a7a2e523e20359c880bf259d1a6677044875ccff39ecbe1ed55931bb5
ensemble-036,exclusion,1,1,1,0.2,2,0,9.60307034878377e-05,public fit ledger maximum_gradient <= 1e-4,job-022535/output_archive.tar.gz,d76f7d4ed0c4e412b70c600b51381d1218405ac0dad75e77d01b05ad27bc2aff,final-par/ensemble-036/final.par,final-par-rr-exclusion-flag2-1/ensemble-036/final.par,2957190,b39320e8e1fb6b29c53059d4975dd94bfd311c6509d3aa13c86e35accadcb3d3,./outputs/models/ensemble-036/bet.ini,./outputs/models/ensemble-036/bet.model.ini,TRUE,final-par-rr-exclusion-flag2-1/ensemble-036/bet.ini,66811,a316e2b5d6f44f8e9cb508ccbc55c9495a284582168dd0ee67550a0f050c7350,final-par/ensemble-036/plot-11.par.rep,final-par-rr-exclusion-flag2-1/ensemble-036/plot-11.par.rep,./outputs/models/ensemble-036/plot-11.par.rep,2851904,6349,39f7bc7859f4b1fbd4f900970195bb4fd04da801289f4f7e008f0e3e08b6e289
ensemble-038,exclusion,1,1,1,0.25,6,0,9.14521002644137e-05,public fit ledger maximum_gradient <= 1e-4,job-022537/output_archive.tar.gz,b67cffc4748ec123e855352547ce05fe602900f84f27d331899fb1894b844ab8,final-par/ensemble-038/final.par,final-par-rr-exclusion-flag2-1/ensemble-038/final.par,2957194,c97c7862331d5c58d981195a01285c5bd3a3a821fe3cd259a5ef39f031ecc25c,./outputs/models/ensemble-038/bet.ini,./outputs/models/ensemble-038/bet.model.ini,TRUE,final-par-rr-exclusion-flag2-1/ensemble-038/bet.ini,66811,75fc50a933090723ce7e795f7f17a6d4932a9c36940a91b7344cd71be9f67525,final-par/ensemble-038/plot-11.par.rep,final-par-rr-exclusion-flag2-1/ensemble-038/plot-11.par.rep,./outputs/models/ensemble-038/plot-11.par.rep,2844884,6349,3e2c63c8e5a805adfd801abd6c43741898e5d3f20aa9b673cc9a5174c83dbb6c
ensemble-039,exclusion,1,1,1,0.25,6,0,9.97282515925373e-05,public fit ledger maximum_gradient <= 1e-4,job-022538/output_archive.tar.gz,69b855da9bc012136bf22e7d1bc06f44e1df5b09048b283d357809abe69de451,final-par/ensemble-039/final.par,final-par-rr-exclusion-flag2-1/ensemble-039/final.par,2957183,24db2733182a8623bea59a4a0d85ca8aa4dc413748da3ce6118ec285419e7ed5,./outputs/models/ensemble-039/bet.ini,./outputs/models/ensemble-039/bet.model.ini,TRUE,final-par-rr-exclusion-flag2-1/ensemble-039/bet.ini,66811,05d36dc8752598022675395a67b7d85d6ac7a91f78771be4469da526964536fd,final-par/ensemble-039/plot-11.par.rep,final-par-rr-exclusion-flag2-1/ensemble-039/plot-11.par.rep,./outputs/models/ensemble-039/plot-11.par.rep,2849694,6349,ba3436e2a66cf974d0ca2a533b5ecdb28b00c4ae0c040116bbbcdee5e84a34aa
ensemble-041,exclusion,1,1,1,0.1,0,0,8.28334541560407e-05,public fit ledger maximum_gradient <= 1e-4,job-022540/output_archive.tar.gz,b9c9959cfb7f3b444054707ada872ddc7f12faf76c1e68b5fc5a2151d2d62d2e,final-par/ensemble-041/final.par,final-par-rr-exclusion-flag2-1/ensemble-041/final.par,2957197,b2fde84a85aadf0ed5bab5e36a8826f286156ed4f20897799298ac7e0b4a2d2a,./outputs/models/ensemble-041/bet.ini,./outputs/models/ensemble-041/bet.model.ini,TRUE,final-par-rr-exclusion-flag2-1/ensemble-041/bet.ini,66811,58d2889f733fc54d8453abe0ed2f0f4596f760b36ce1589f89151307fc86353f,final-par/ensemble-041/plot-11.par.rep,final-par-rr-exclusion-flag2-1/ensemble-041/plot-11.par.rep,./outputs/models/ensemble-041/plot-11.par.rep,2852061,6349,4ba3236ba5e17196d82229076753346d5282e1e42f75f7aa2975d673995497c6
ensemble-047,exclusion,1,1,1,0.1,0,0,9.04861023687408e-05,public fit ledger maximum_gradient <= 1e-4,job-022546/output_archive.tar.gz,18e1a81888e3694827a60854accab386311955cf20c71b511ccac082bad2ccfb,final-par/ensemble-047/final.par,final-par-rr-exclusion-flag2-1/ensemble-047/final.par,2957161,b849eb212fd8913d11e6cbd0589dac3c4093426464f2dd9dae25af8c2daa4d1a,./outputs/models/ensemble-047/bet.ini,./outputs/models/ensemble-047/bet.model.ini,TRUE,final-par-rr-exclusion-flag2-1/ensemble-047/bet.ini,66809,ef40394bb38c54464c61ed09207094c2ec69ff0ad549db8f9b84b28c1e734ecd,final-par/ensemble-047/plot-11.par.rep,final-par-rr-exclusion-flag2-1/ensemble-047/plot-11.par.rep,./outputs/models/ensemble-047/plot-11.par.rep,2849273,6349,f5b80ab23fe3176de4361b9ddeecdeb4095381bb0a4ac2abf72ee6debb33191b
ensemble-050,exclusion,1,1,1,0.2,2,0,9.15693555346354e-05,public fit ledger maximum_gradient <= 1e-4,job-022549/output_archive.tar.gz,fb0cedec86706f1f8dc7b872896b966ff88782fd41de0ca500d54484d1fbd095,final-par/ensemble-050/final.par,final-par-rr-exclusion-flag2-1/ensemble-050/final.par,2957155,1f8addcd41811709028c134850e5c6d64769d76d7da2ca9e83dabe6d452389dc,./outputs/models/ensemble-050/bet.ini,./outputs/models/ensemble-050/bet.model.ini,TRUE,final-par-rr-exclusion-flag2-1/ensemble-050/bet.ini,66811,7ac1445f4c820b44ca05cb40e59e12cac6dd0da0c67d9ae6e267fda7e5af3703,final-par/ensemble-050/plot-11.par.rep,final-par-rr-exclusion-flag2-1/ensemble-050/plot-11.par.rep,./outputs/models/ensemble-050/plot-11.par.rep,2849876,6349,3282c0d4b852c2f259ce2a394ed78885aa649ff1d49060057a1bf967e27cac5d
ensemble-051,exclusion,1,1,1,0.2,2,0,8.94541125010828e-05,public fit ledger maximum_gradient <= 1e-4,job-022550/output_archive.tar.gz,45fb93a76de50272f4ca9b4078d51a352d53d71dd3e6d93df1d96dc2390c1453,final-par/ensemble-051/final.par,final-par-rr-exclusion-flag2-1/ensemble-051/final.par,2957177,cf7dd186a12eaa64ff3f821911fcfb5287ff636ca14362a3c4e18733ab1b6eac,./outputs/models/ensemble-051/bet.ini,./outputs/models/ensemble-051/bet.model.ini,TRUE,final-par-rr-exclusion-flag2-1/ensemble-051/bet.ini,66811,6821f412ca4001b5d934796f1f0ddc2c86e0778beedb521fb103f6415c82b2a5,final-par/ensemble-051/plot-11.par.rep,final-par-rr-exclusion-flag2-1/ensemble-051/plot-11.par.rep,./outputs/models/ensemble-051/plot-11.par.rep,2853134,6349,48ac3f7a2d4927a97599e01bd907bc0de238ea7a3b5d2eb3a79ce5b08d36762f
ensemble-053,exclusion,1,1,1,0.15,1,0,9.44201894158258e-05,public fit ledger maximum_gradient <= 1e-4,job-022552/output_archive.tar.gz,c4c1f1b4e85b691d7858a0e47d1b740acb36878a9f5f92ffe680a17155f05cb4,final-par/ensemble-053/final.par,final-par-rr-exclusion-flag2-1/ensemble-053/final.par,2957139,b2051b504690d3b854a4f08b989c088c8e91492ce8c65c811acd58c8064e14c7,./outputs/models/ensemble-053/bet.ini,./outputs/models/ensemble-053/bet.model.ini,TRUE,final-par-rr-exclusion-flag2-1/ensemble-053/bet.ini,66811,629bc3b83a91a8ba0da15df9deb9346495d67109fe539cf93fd12ef0663289a7,final-par/ensemble-053/plot-11.par.rep,final-par-rr-exclusion-flag2-1/ensemble-053/plot-11.par.rep,./outputs/models/ensemble-053/plot-11.par.rep,2853459,6349,aba7d421852395c849a8ef4f47899659c0bc1e9a564662acb43f67605582568a
ensemble-054,exclusion,1,1,1,0.15,1,0,9.82845716671051e-05,public fit ledger maximum_gradient <= 1e-4,job-022553/output_archive.tar.gz,72ebd743b006348375a302b4566f360ba4b0f9a37316be54fe03176e3df1812c,final-par/ensemble-054/final.par,final-par-rr-exclusion-flag2-1/ensemble-054/final.par,2957153,4ae91bf5a4121d98ab951229a48166a11010d6111d90713ea5779dd69bb2a670,./outputs/models/ensemble-054/bet.ini,./outputs/models/ensemble-054/bet.model.ini,TRUE,final-par-rr-exclusion-flag2-1/ensemble-054/bet.ini,66809,552e4d08ac3bf7948009462699c28fb9186479b6372df6540754a2ffc0eaac6b,final-par/ensemble-054/plot-11.par.rep,final-par-rr-exclusion-flag2-1/ensemble-054/plot-11.par.rep,./outputs/models/ensemble-054/plot-11.par.rep,2852637,6349,b0a95ae6b299b10e3219366635590388fba1e7d4e057310579038df40ee43184
ensemble-055,exclusion,1,1,1,0.15,1,0,7.68363871782179e-05,public fit ledger maximum_gradient <= 1e-4,job-022554/output_archive.tar.gz,c191381df6b075810d370fe79b743db88c18f3613e6d149b773c9e368118bc69,final-par/ensemble-055/final.par,final-par-rr-exclusion-flag2-1/ensemble-055/final.par,2957160,d09b22a846ed4782fdb14fb3c7238adfba11ddc7db71ddfd2925458127c546e5,./outputs/models/ensemble-055/bet.ini,./outputs/models/ensemble-055/bet.model.ini,TRUE,final-par-rr-exclusion-flag2-1/ensemble-055/bet.ini,66811,ec18e0604d69969303e85c072088a9c03d0c0e8ac35e88504808e5adfb66ea86,final-par/ensemble-055/plot-11.par.rep,final-par-rr-exclusion-flag2-1/ensemble-055/plot-11.par.rep,./outputs/models/ensemble-055/plot-11.par.rep,2850382,6349,5fad3e30ffe267310e7436d3b30a470f31736fbbb995d5959fe34c905234ece5
ensemble-056,exclusion,1,1,1,0.2,2,0,9.56455524782732e-05,public fit ledger maximum_gradient <= 1e-4,job-022555/output_archive.tar.gz,8f4b6cb6f0dbd0525ff59b66b18707636e7f26cde0114ecf251a2e73f5943a74,final-par/ensemble-056/final.par,final-par-rr-exclusion-flag2-1/ensemble-056/final.par,2957224,dbd785382fe5b38938975433954cc373231f25978817880abc35524751048eb4,./outputs/models/ensemble-056/bet.ini,./outputs/models/ensemble-056/bet.model.ini,TRUE,final-par-rr-exclusion-flag2-1/ensemble-056/bet.ini,66811,37215dcfac241d93947087a8449a2323395362cd2dbff6e1e7ba23ba1eff0d14,final-par/ensemble-056/plot-11.par.rep,final-par-rr-exclusion-flag2-1/ensemble-056/plot-11.par.rep,./outputs/models/ensemble-056/plot-11.par.rep,2854714,6349,80861a9beb57dfa81ee3d980a5e4d012781a8d825ca4bd824c64d7b0401b2918
ensemble-057,exclusion,1,1,1,0.2,2,0,9.81371285103359e-05,public fit ledger maximum_gradient <= 1e-4,job-022556/output_archive.tar.gz,430cde72dc9f907bef303a8bd68ebbdbbf5bd1b3c76f09289cea18c2395a23cc,final-par/ensemble-057/final.par,final-par-rr-exclusion-flag2-1/ensemble-057/final.par,2957241,06dde7643f55a2d224dbfa12f28201c1c6570538b747111d30bf97738489a0c9,./outputs/models/ensemble-057/bet.ini,./outputs/models/ensemble-057/bet.model.ini,TRUE,final-par-rr-exclusion-flag2-1/ensemble-057/bet.ini,66811,d675607f8ea7ee02554ca5c4957e997f06b301e08b178be79d34d4caf9f39b74,final-par/ensemble-057/plot-11.par.rep,final-par-rr-exclusion-flag2-1/ensemble-057/plot-11.par.rep,./outputs/models/ensemble-057/plot-11.par.rep,2853686,6349,a45bffcb8e51b2f64bf35e64792826d5dd6da4d7013676bce4598f078f0ce28b
ensemble-066,exclusion,1,1,1,0.25,6,0,9.35891790989841e-05,public fit ledger maximum_gradient <= 1e-4,job-022565/output_archive.tar.gz,4591e26374d142a1a6c2ab35b90cc898de6e9bb0709d4e90040347c3ab58011b,final-par/ensemble-066/final.par,final-par-rr-exclusion-flag2-1/ensemble-066/final.par,2957253,634f7f320893a15a66907e021f723d2d84f5c920038fa946d741ce6889f7fe22,./outputs/models/ensemble-066/bet.ini,./outputs/models/ensemble-066/bet.model.ini,TRUE,final-par-rr-exclusion-flag2-1/ensemble-066/bet.ini,66811,8881f65fa4377c65b121869fcbcefe2d0e6547f631230fa21155605805180b26,final-par/ensemble-066/plot-11.par.rep,final-par-rr-exclusion-flag2-1/ensemble-066/plot-11.par.rep,./outputs/models/ensemble-066/plot-11.par.rep,2851347,6349,bc58269da667bf0a857653890163969e7cbeb2e4562e0aef231443d966580c15
ensemble-068,exclusion,1,1,1,0.25,6,0,9.55592043635695e-05,public fit ledger maximum_gradient <= 1e-4,job-022567/output_archive.tar.gz,338a4a11334512256cf4c1d273f55a3add28d165bb86bc6f1d30d2dc1af73418,final-par/ensemble-068/final.par,final-par-rr-exclusion-flag2-1/ensemble-068/final.par,2957190,512f8941a8c4e7d289f14e136238d29d16a97e8cc2db1c7ea0dfc51e2cc9cee8,./outputs/models/ensemble-068/bet.ini,./outputs/models/ensemble-068/bet.model.ini,TRUE,final-par-rr-exclusion-flag2-1/ensemble-068/bet.ini,66811,6eee8f1bfe0424a09d1fe281978a40a10704a9dd9888250bfb805624928f39a7,final-par/ensemble-068/plot-11.par.rep,final-par-rr-exclusion-flag2-1/ensemble-068/plot-11.par.rep,./outputs/models/ensemble-068/plot-11.par.rep,2847966,6349,ef0c5d04ef50617d1f0ac41db3580856e72b5ebaf6ae19a5051b2797a33ff1aa
ensemble-069,exclusion,1,1,1,0.35,18,0,9.87435678387170e-05,public fit ledger maximum_gradient <= 1e-4,job-022568/output_archive.tar.gz,64cac5629d8f9dfe1d5e88194cf36fb9a7a249fe8f14033cc473f48b3d9a5bc3,final-par/ensemble-069/final.par,final-par-rr-exclusion-flag2-1/ensemble-069/final.par,2957206,4febc88bea082f0476468d94b193fd908453f2f15cb05bfef14770c4262d16b2,./outputs/models/ensemble-069/bet.ini,./outputs/models/ensemble-069/bet.model.ini,TRUE,final-par-rr-exclusion-flag2-1/ensemble-069/bet.ini,66811,1ef2064568e82d043f5ec83c503c259bc0f84cb5540abc5e594eb6bc1abfc8c9,final-par/ensemble-069/plot-11.par.rep,final-par-rr-exclusion-flag2-1/ensemble-069/plot-11.par.rep,./outputs/models/ensemble-069/plot-11.par.rep,2847464,6349,74513538dbdb780e6e04b34bdee557a169506d76af88dfe96066a4f0a2e403fe
ensemble-070,exclusion,1,1,1,0.3,14,0,9.08775724676129e-05,public fit ledger maximum_gradient <= 1e-4,job-022569/output_archive.tar.gz,44752ce165365510dfccd9c685ec8b9a9fdd5d6ab95b67ecf82682299b816be7,final-par/ensemble-070/final.par,final-par-rr-exclusion-flag2-1/ensemble-070/final.par,2957153,c2a768ca75d9c44322b21f8e5082736725ba1809e0cb39982ca5cfa776a0ff84,./outputs/models/ensemble-070/bet.ini,./outputs/models/ensemble-070/bet.model.ini,TRUE,final-par-rr-exclusion-flag2-1/ensemble-070/bet.ini,66811,3d3352a04c4440bc47e475fb73e5b10858f98dd99045d7228e440b4a50cdc16b,final-par/ensemble-070/plot-11.par.rep,final-par-rr-exclusion-flag2-1/ensemble-070/plot-11.par.rep,./outputs/models/ensemble-070/plot-11.par.rep,2844017,6349,e6543dfe3b3e419ac7dc8743e06b97a1d29c8e5739aa0a8fcc223c9a73449321
ensemble-072,exclusion,1,1,1,0.2,2,0,9.73948216398625e-05,public fit ledger maximum_gradient <= 1e-4,job-022571/output_archive.tar.gz,a68c82c745a185a443b3e5b9d04f9ed694048e8c9739a7c9b1f75d909f8736ce,final-par/ensemble-072/final.par,final-par-rr-exclusion-flag2-1/ensemble-072/final.par,2957180,33d7ce5c9795a8e078c6248b52915cb036a44781f9466e4773b668f416b9f570,./outputs/models/ensemble-072/bet.ini,./outputs/models/ensemble-072/bet.model.ini,TRUE,final-par-rr-exclusion-flag2-1/ensemble-072/bet.ini,66811,80527c067501aaf4422fe706b1d616d71138d28bac600e94da5a5dcd8a300e74,final-par/ensemble-072/plot-11.par.rep,final-par-rr-exclusion-flag2-1/ensemble-072/plot-11.par.rep,./outputs/models/ensemble-072/plot-11.par.rep,2852680,6349,7d10c4a1a5d129916349a20b72455f912f80383ed72d996c8ae1537c09fd698e
ensemble-073,exclusion,1,1,1,0.2,2,0,9.19944520636268e-05,public fit ledger maximum_gradient <= 1e-4,job-022572/output_archive.tar.gz,0ef2941ce6c12f4ce3d4b4dd365c4aa8500bb6b24939ca169afc99034fb92126,final-par/ensemble-073/final.par,final-par-rr-exclusion-flag2-1/ensemble-073/final.par,2957195,672ce2fbab434243c0baeaffd11a333dca5e136830ff1635de4d143a537d9405,./outputs/models/ensemble-073/bet.ini,./outputs/models/ensemble-073/bet.model.ini,TRUE,final-par-rr-exclusion-flag2-1/ensemble-073/bet.ini,66807,568e03845be3e36b5b4d6cfaa34fb2ff18096c5691612cb694d34c6fbc1dc139,final-par/ensemble-073/plot-11.par.rep,final-par-rr-exclusion-flag2-1/ensemble-073/plot-11.par.rep,./outputs/models/ensemble-073/plot-11.par.rep,2847565,6349,a73ddd3f9ce589108adf1af97d6c5cef1b460696daa85857f2a1a327d7959281
ensemble-075,exclusion,1,1,1,0.15,1,0,9.68746985254042e-05,public fit ledger maximum_gradient <= 1e-4,job-022574/output_archive.tar.gz,33344011e95c3ae8d4b5d743986c082311e667c27ee844f2ba9e20b23ce02273,final-par/ensemble-075/final.par,final-par-rr-exclusion-flag2-1/ensemble-075/final.par,2957189,29d8c5b37cca7f9d67959bad4f1263c34341533a215fe6501b0c4a8fc05580c8,./outputs/models/ensemble-075/bet.ini,./outputs/models/ensemble-075/bet.model.ini,TRUE,final-par-rr-exclusion-flag2-1/ensemble-075/bet.ini,66811,e64bb832864919d55ae77bddf5d587c872b98d3ed24c389ec4f1587ba9d5c2a4,final-par/ensemble-075/plot-11.par.rep,final-par-rr-exclusion-flag2-1/ensemble-075/plot-11.par.rep,./outputs/models/ensemble-075/plot-11.par.rep,2850074,6349,1cff18ab6d8a5b0d801a22dd4fb5fae1e40d1ac673a5c4f034967e09c8a840f4
ensemble-076,exclusion,1,1,1,0.2,2,0,9.46904796903706e-05,public fit ledger maximum_gradient <= 1e-4,job-022575/output_archive.tar.gz,2b4928be22c95d0866fd47aff1c68264be7c96b33527e402d118c862bf0e5bbe,final-par/ensemble-076/final.par,final-par-rr-exclusion-flag2-1/ensemble-076/final.par,2957195,e84ec7e5a0bf4b3be5928d71124089e3c0b9ca50ce4286b97eeeb49c94a04719,./outputs/models/ensemble-076/bet.ini,./outputs/models/ensemble-076/bet.model.ini,TRUE,final-par-rr-exclusion-flag2-1/ensemble-076/bet.ini,66811,89f52c57fe5c1a0981fcef801f4bf3f2c9f3bed8c9dbaaf37899710d752ecc24,final-par/ensemble-076/plot-11.par.rep,final-par-rr-exclusion-flag2-1/ensemble-076/plot-11.par.rep,./outputs/models/ensemble-076/plot-11.par.rep,2849227,6349,148c7013a53e5c0a14b4a443fb8f17c7244423b72c83c55a55c268eb66fe8b13
ensemble-079,exclusion,1,1,1,0.2,2,0,9.82179805203994e-05,public fit ledger maximum_gradient <= 1e-4,job-022578/output_archive.tar.gz,de310f6ee951ab201690517e98a2afa6e6226dc7b72bd2f3d06cdc6e2b60222d,final-par/ensemble-079/final.par,final-par-rr-exclusion-flag2-1/ensemble-079/final.par,2957177,96d6932b8e72ed5a3aef1b3330a05e4394251ff4bb61aa0837d74f9ad5997073,./outputs/models/ensemble-079/bet.ini,./outputs/models/ensemble-079/bet.model.ini,TRUE,final-par-rr-exclusion-flag2-1/ensemble-079/bet.ini,66809,2500f1e80de217e22d4a602f62db5e5802bf52c9a73277782d6943843ec10d3e,final-par/ensemble-079/plot-11.par.rep,final-par-rr-exclusion-flag2-1/ensemble-079/plot-11.par.rep,./outputs/models/ensemble-079/plot-11.par.rep,2855689,6349,28fa0cae1066539d223d323630c079e8674dfbc722a1901708cd7f7821248522
ensemble-081,exclusion,1,1,1,0.25,6,0,9.19822398004377e-05,public fit ledger maximum_gradient <= 1e-4,job-022580/output_archive.tar.gz,d6c7c23e921a65bd9049c25434c0dcf63ce52e66841b1394e850c5843c9850a3,final-par/ensemble-081/final.par,final-par-rr-exclusion-flag2-1/ensemble-081/final.par,2957168,4ce94f79e1b6d63e973a4fadc2ab1bf612468e01e7c14d05f743e6002904359a,./outputs/models/ensemble-081/bet.ini,./outputs/models/ensemble-081/bet.model.ini,TRUE,final-par-rr-exclusion-flag2-1/ensemble-081/bet.ini,66809,a234971bdd51862e4b0dc503354404b22bba499513f56e03b25cb1e1c18f8ab9,final-par/ensemble-081/plot-11.par.rep,final-par-rr-exclusion-flag2-1/ensemble-081/plot-11.par.rep,./outputs/models/ensemble-081/plot-11.par.rep,2845729,6349,dd0881f0351fd6500c79dc72ffa367046dde50fb387870c0886b5cb868c4722d
ensemble-082,exclusion,1,1,1,0.25,6,0,9.86465573718070e-05,public fit ledger maximum_gradient <= 1e-4,job-022581/output_archive.tar.gz,9bc4c3c90926154fa913c8d4b6b82bfa0aa9952e9e92d2110ce62a843ffb250b,final-par/ensemble-082/final.par,final-par-rr-exclusion-flag2-1/ensemble-082/final.par,2957221,0a3e81df13751be294dc15c7e7109af8cd07e169b8d135fca6694c580f0ce571,./outputs/models/ensemble-082/bet.ini,./outputs/models/ensemble-082/bet.model.ini,TRUE,final-par-rr-exclusion-flag2-1/ensemble-082/bet.ini,66811,5c5625833a80441ca4017a6b56a8793a3fc4ea0163719b134a8a8ee4a6714ef3,final-par/ensemble-082/plot-11.par.rep,final-par-rr-exclusion-flag2-1/ensemble-082/plot-11.par.rep,./outputs/models/ensemble-082/plot-11.par.rep,2859788,6349,cb83cb5f02466e306f9be144307b89112493ad4a82eafda3262ea7f7ded15b23
ensemble-084,exclusion,1,1,1,0.3,14,0,8.32858861730589e-05,public fit ledger maximum_gradient <= 1e-4,job-022583/output_archive.tar.gz,1dfe35075566b19c476de54c500e3abbcef9f4d1ceaa777bdebc3e9ef10e6a40,final-par/ensemble-084/final.par,final-par-rr-exclusion-flag2-1/ensemble-084/final.par,2957145,535a1082c1ead36fa0f411dca8d149978fb08ae52d156921c1bcc3fed7c103e8,./outputs/models/ensemble-084/bet.ini,./outputs/models/ensemble-084/bet.model.ini,TRUE,final-par-rr-exclusion-flag2-1/ensemble-084/bet.ini,66811,44321e4dd33d8ccf5d2cf8da44a2446585bcea5b660764ad654f3d6de8447d7d,final-par/ensemble-084/plot-11.par.rep,final-par-rr-exclusion-flag2-1/ensemble-084/plot-11.par.rep,./outputs/models/ensemble-084/plot-11.par.rep,2849050,6349,9a081a7251556d04e4d6ce7837787125cecefd429fd6b7863a6cb862932fc5d7
ensemble-085,exclusion,1,1,1,0.3,14,0,9.87241338180133e-05,public fit ledger maximum_gradient <= 1e-4,job-022584/output_archive.tar.gz,e284a0abbd9ebbc15c139970bf69e91cba44ab6d77e4eb71a4a975bcc7356699,final-par/ensemble-085/final.par,final-par-rr-exclusion-flag2-1/ensemble-085/final.par,2957198,c7256d741b14c0674a35b3dde43f35d667c7b80b45f21bce3d53a6a6ddfbea91,./outputs/models/ensemble-085/bet.ini,./outputs/models/ensemble-085/bet.model.ini,TRUE,final-par-rr-exclusion-flag2-1/ensemble-085/bet.ini,66811,3ec378c47a2ae4bb32dcc23758065ee0b161b5fd9c2c5bd2c46c3cb2d6e82a10,final-par/ensemble-085/plot-11.par.rep,final-par-rr-exclusion-flag2-1/ensemble-085/plot-11.par.rep,./outputs/models/ensemble-085/plot-11.par.rep,2856039,6349,6b43e14f84b9aa7807616744144ac3f783da2e3ec0b58168e27bdd4c73de85d0
ensemble-087,exclusion,1,1,1,0.05,0,0,8.83510971924596e-05,public fit ledger maximum_gradient <= 1e-4,job-022586/output_archive.tar.gz,c12c2d213182511094abf48c476a844077207e9004fde2ab968a90ad8d2b8e32,final-par/ensemble-087/final.par,final-par-rr-exclusion-flag2-1/ensemble-087/final.par,2957165,9ba184c56e108d3963d85920f7b0a8e13e849bd970c0eaa17e906e0ef3edab64,./outputs/models/ensemble-087/bet.ini,./outputs/models/ensemble-087/bet.model.ini,TRUE,final-par-rr-exclusion-flag2-1/ensemble-087/bet.ini,66809,e98aec84152e8b80af4fe850b789fa731ed30fcf37a66f7e49f86280e98ad462,final-par/ensemble-087/plot-11.par.rep,final-par-rr-exclusion-flag2-1/ensemble-087/plot-11.par.rep,./outputs/models/ensemble-087/plot-11.par.rep,2854612,6349,23c562a9bc313850542b5170a92d85940bb860659deb8285b0d1a44bf0ea7b43
ensemble-088,exclusion,1,1,1,0.2,2,0,9.24667876098685e-05,public fit ledger maximum_gradient <= 1e-4,job-022587/output_archive.tar.gz,42e017d4fd595ca58ed54120044d37beb6b57eac58065e88e82e83f92ff61c82,final-par/ensemble-088/final.par,final-par-rr-exclusion-flag2-1/ensemble-088/final.par,2957096,730b1787c059a72750d52e71d38fb0c744b2c749d1eb0b1d82d499f66c6d20df,./outputs/models/ensemble-088/bet.ini,./outputs/models/ensemble-088/bet.model.ini,TRUE,final-par-rr-exclusion-flag2-1/ensemble-088/bet.ini,66811,ef327926053b1cc3e0a2e950133b8d0d0fe749128416f2a15e14bec282de7e4c,final-par/ensemble-088/plot-11.par.rep,final-par-rr-exclusion-flag2-1/ensemble-088/plot-11.par.rep,./outputs/models/ensemble-088/plot-11.par.rep,2849479,6349,de006c87af6b44915f3df4db6f3de18653f0a0464a6d2cf8885d7845f75c0371
ensemble-090,exclusion,1,1,1,0.15,1,0,9.38918086933695e-05,public fit ledger maximum_gradient <= 1e-4,job-022589/output_archive.tar.gz,b597eaff4cb86eb3712789b56594a95d6cd44bb8c7349d1d8e9b05978b92aba6,final-par/ensemble-090/final.par,final-par-rr-exclusion-flag2-1/ensemble-090/final.par,2957154,ed9cf7324a3f358196f2fbd827fea2fc56b46b994bc10ad88cf9fc1611408934,./outputs/models/ensemble-090/bet.ini,./outputs/models/ensemble-090/bet.model.ini,TRUE,final-par-rr-exclusion-flag2-1/ensemble-090/bet.ini,66811,b8beebd252d3933e7062cf865678d10fcd1cc7b38193c01709ae8973bfe78f0b,final-par/ensemble-090/plot-11.par.rep,final-par-rr-exclusion-flag2-1/ensemble-090/plot-11.par.rep,./outputs/models/ensemble-090/plot-11.par.rep,2861790,6349,89954c4e5b297ac184c1031a5a078ef4d65753d771c3231289a20613774f7dfa
ensemble-091,exclusion,1,1,1,0.15,1,0,9.10361513023442e-05,public fit ledger maximum_gradient <= 1e-4,job-022590/output_archive.tar.gz,aef937a9bfb5782561052d442d640ceba2fb5ea135112df1bbb3859abd3e001d,final-par/ensemble-091/final.par,final-par-rr-exclusion-flag2-1/ensemble-091/final.par,2957190,fde308e6be0f641d185d2edfa6aacedc47e556c9d9ff99a52493a18f4c8289d6,./outputs/models/ensemble-091/bet.ini,./outputs/models/ensemble-091/bet.model.ini,TRUE,final-par-rr-exclusion-flag2-1/ensemble-091/bet.ini,66809,8c242e48be83d2b752f7f3fd731904df146fe016188fe844d00532a4d0ef8af9,final-par/ensemble-091/plot-11.par.rep,final-par-rr-exclusion-flag2-1/ensemble-091/plot-11.par.rep,./outputs/models/ensemble-091/plot-11.par.rep,2858325,6349,b901bc19dacc8876fff51e8294f52343bcd807d57035d1f0f4e59839b5a65ca0
ensemble-093,exclusion,1,1,1,0.25,6,0,8.84219549571631e-05,public fit ledger maximum_gradient <= 1e-4,job-022592/output_archive.tar.gz,0f5bb55ef0af7f9aff3717f4cd245a7cb016822a8edfe19e68533902dbbdd7b8,final-par/ensemble-093/final.par,final-par-rr-exclusion-flag2-1/ensemble-093/final.par,2957177,0dde74e98caa6d20252d82f4082226244c2012e4dcf716364002c21e5d84e49d,./outputs/models/ensemble-093/bet.ini,./outputs/models/ensemble-093/bet.model.ini,TRUE,final-par-rr-exclusion-flag2-1/ensemble-093/bet.ini,66809,e745fad49316257564249be1303d8b96b595e621b6277d5e4db19c88bdda622c,final-par/ensemble-093/plot-11.par.rep,final-par-rr-exclusion-flag2-1/ensemble-093/plot-11.par.rep,./outputs/models/ensemble-093/plot-11.par.rep,2848015,6349,0f9582c4fc7faa04d58c7c59c7c9f7414d0a039d51f1edaf201825dd1a8b62c1
ensemble-098,exclusion,1,1,1,0.3,14,0,9.94783045301106e-05,public fit ledger maximum_gradient <= 1e-4,job-022597/output_archive.tar.gz,5632057ab56e4dc985692040256ad34c66d1b6c00861f5ba4b6013ef06536bfe,final-par/ensemble-098/final.par,final-par-rr-exclusion-flag2-1/ensemble-098/final.par,2957215,607a5b5027fa37082fc0db6341421bb9aa0268a7f0133a062ac6a6e96cf89a8e,./outputs/models/ensemble-098/bet.ini,./outputs/models/ensemble-098/bet.model.ini,TRUE,final-par-rr-exclusion-flag2-1/ensemble-098/bet.ini,66811,9332cc9f03854c37026213e9c80837d851a8bb53d6614ffcc952f873d224bf8f,final-par/ensemble-098/plot-11.par.rep,final-par-rr-exclusion-flag2-1/ensemble-098/plot-11.par.rep,./outputs/models/ensemble-098/plot-11.par.rep,2844182,6349,9e96ba5ee374d41f8934076ed7153fa63533d59016baa6dc32f199202c25aae9
ensemble-099,exclusion,1,1,1,0.2,2,0,9.31316297700410e-05,public fit ledger maximum_gradient <= 1e-4,job-022598/output_archive.tar.gz,17b309af0f52aaf2d6378c0a36b5dd915f45ccae5a671a70041fa71e74fb41d0,final-par/ensemble-099/final.par,final-par-rr-exclusion-flag2-1/ensemble-099/final.par,2957154,ca2f42431c37ea8751d096707f7600732b624fa20880ea723e0ac3d729e48adb,./outputs/models/ensemble-099/bet.ini,./outputs/models/ensemble-099/bet.model.ini,TRUE,final-par-rr-exclusion-flag2-1/ensemble-099/bet.ini,66811,dc2134805663fc8965f7831a836d971f1b0de946502de7441e87bc8362cb8b36,final-par/ensemble-099/plot-11.par.rep,final-par-rr-exclusion-flag2-1/ensemble-099/plot-11.par.rep,./outputs/models/ensemble-099/plot-11.par.rep,2848336,6349,abca38811cafe1ab86672315de9bc6b5df557323475f4866db502ea18348328e
